1994|CHRYS|SPIRIT                   
1994|CHRYS|LEBARON CONVERTIBLE      
1994|CHRYS|LEBARON CONVERTIBLE      
1994|CHRYS|LEBARON                  
1994|CHRYS|SUNDANCE                 
1994|CHRYS|LEBARON CONVERTIBLE      
1994|CHRYS|SHADOW                   
1994|CHRYS|INTREPID                 
1994|CHRYS|INTREPID                 
1994|FORD |ASPIRE                   
1994|FORD |ASPIRE                   
1994|FORD |ASPIRE                   
1994|FORD |ASPIRE                   
1994|FORD |ASPIRE                   
1994|FORD |ASPIRE                   
1994|FORD |ASPIRE                   
1994|FORD |ASPIRE                   
1994|FORD |ASPIRE                   
1994|FORD |ASPIRE                   
1994|FORD |ESCORT                   
1994|FORD |ESCORT                   
1994|FORD |ESCORT                   
1994|FORD |ESCORT                   
1994|FORD |ESCORT                   
1994|FORD |ESCORT                   
1994|FORD |ESCORT                   
1994|FORD |ESCORT                   
1994|FORD |ESCORT                   
1994|FORD |ESCORT                   
1994|FORD |ESCORT                   
1994|FORD |PROBE                    
1994|FORD |PROBE                    
1994|FORD |PROBE                    
1994|FORD |PROBE                    
1994|FORD |PROBE                    
1994|FORD |PROBE                    
1994|FORD |PROBE                    
1994|FORD |PROBE                    
1994|FORD |TEMPO                    
1994|FORD |TOPAZ                    
1994|FORD |TEMPO                    
1994|FORD |TOPAZ                    
1994|FORD |TOPAZ                    
1994|FORD |TOPAZ                    
1994|FORD |TOPAZ                    
1994|FORD |TOPAZ                    
1994|FORD |TOPAZ                    
1994|FORD |TOPAZ                    
1994|FORD |TOPAZ                    
1994|FORD |PROBE                    
1994|FORD |PROBE                    
1994|FORD |PROBE                    
1994|FORD |PROBE                    
1994|FORD |TAURUS                   
1994|FORD |TAURUS WAGON             
1994|FORD |TAURUS WAGON             
1994|FORD |TAURUS                   
1994|FORD |TOPAZ                    
1994|FORD |TOPAZ                    
1994|FORD |TOPAZ                    
1994|FORD |TOPAZ                    
1994|FORD |TOPAZ                    
1994|FORD |TOPAZ                    
1994|FORD |TEMPO                    
1994|FORD |TOPAZ                    
1994|FORD |TOPAZ                    
1994|FORD |TAURUS                   
1994|FORD |TAURUS                   
1994|FORD |TAURUS                   
1994|FORD |CONTINENTAL              
1994|FORD |CONTINENTAL              
1994|FORD |TAURUS                   
1994|FORD |SABLE WAGON              
1994|FORD |COUGAR                   
1994|FORD |THUNDERBIRD              
1994|FORD |THUNDERBIRD              
1994|FORD |MUSTANG                  
1994|FORD |MUSTANG                  
1994|FORD |MUSTANG                  
1994|FORD |MUSTANG                  
1994|FORD |MUSTANG                  
1994|FORD |THUNDERBIRD              
1994|FORD |THUNDERBIRD              
1994|FORD |LTD CROWN VICTORIA       
1994|FORD |COUGAR                   
1994|FORD |COUGAR                   
1994|FORD |COUGAR                   
1994|FORD |COUGAR                   
1994|FORD |TOWN CAR                 
1994|FORD |TOWN CAR                 
1994|FORD |TOWN CAR                 
1994|FORD |CROWN VICTORIA POLICE    
1994|FORD |MARK VIII                
1994|FORD |MARK VIII                
1994|FORD |MUSTANG                  
1994|FORD |MUSTANG                  
1994|FORD |MUSTANG                  
1994|FORD |MUSTANG                  
1994|FORD |MUSTANG                  
1994|FORD |MUSTANG                  
1994|GM   |SEVILLE                  
1994|GM   |DEVILLE/CONCOURS         
1994|GM   |CORVETTE                 
1994|GM   |CAMARO                   
1994|GM   |CAMARO                   
1994|GM   |CAMARO                   
1994|GM   |CAMARO                   
1994|GM   |CAMARO                   
1994|GM   |ROADMASTER               
1994|GM   |ROADMASTER               
1994|GM   |COACHBUILDER WAGON       
1994|GM   |CAPRICE                  
1994|GM   |CAPRICE WAGON            
1994|GM   |SL                       
1994|GM   |SL                       
1994|GM   |SC                       
1994|GM   |SUNBIRD                  
1994|GM   |SUNBIRD                  
1994|GM   |CUTLASS CRUISER          
1994|GM   |CAVALIER                 
1994|GM   |CORSICA                  
1994|GM   |CAVALIER                 
1994|GM   |CAVALIER                 
1994|GM   |BERETTA                  
1994|GM   |BERETTA                  
1994|GM   |CAMARO                   
1994|GM   |CAMARO                   
1994|GM   |CAMARO                   
1994|GM   |CUTLASS SUPREME          
1994|GM   |GRAND PRIX               
1994|GM   |CUTLASS SUPREME          
1994|GM   |ACHIEVA                  
1994|GM   |SKYLARK                  
1994|GM   |SKYLARK                  
1994|GM   |GRAND AM                 
1994|GM   |GRAND AM                 
1994|GM   |ACHIEVA                  
1994|GM   |PARK AVENUE              
1994|GM   |BONNEVILLE               
1994|GM   |BONNEVILLE               
1994|FIATA|ALFA ROMEO 164           
1994|FIATA|ALFA ROMEO 164           
1994|FIATA|ALFA ROMEO 164           
1994|FIATA|ALFA ROMEO 164           
1994|FIATA|ALFA ROMEO SPIDER        
1994|BMW  |318i, 318iS              
1994|BMW  |318i Convertible         
1994|BMW  |318i, 318iS              
1994|BMW  |318i Convertible         
1994|BMW  |325i, 325iS              
1994|BMW  |325i Convertible         
1994|BMW  |525i                     
1994|BMW  |525i Touring             
1994|BMW  |325i, 325iS              
1994|BMW  |325i Convertible         
1994|BMW  |525i                     
1994|BMW  |540i                     
1994|BMW  |740i                     
1994|BMW  |840Ci                    
1994|BMW  |530i Touring             
1994|BMW  |530i Touring             
1994|BMW  |530i                     
1994|BMW  |850Ci                    
1994|BMW  |750iL                    
1994|BMW  |850CSi                   
1994|DSM  |ECLIPSE                  
1994|DSM  |ECLIPSE                  
1994|DSM  |ECLIPSE                  
1994|DSM  |LASER                    
1994|DSM  |LASER                    
1994|DSM  |ECLIPSE                  
1994|DSM  |ECLIPSE                  
1994|DSM  |ECLIPSE                  
1994|DSM  |LASER                    
1994|DSM  |LASER                    
1994|DSM  |ECLIPSE                  
1994|DSM  |ECLIPSE                  
1994|DSM  |LASER                    
1994|DSM  |LASER                    
1994|DSM  |ECLIPSE                  
1994|DSM  |ECLIPSE                  
1994|DSM  |ECLIPSE                  
1994|DSM  |LASER                    
1994|DSM  |ECLIPSE                  
1994|DSM  |LASER                    
1994|DSM  |TALON                    
1994|DSM  |TALON                    
1994|DSM  |ECLIPSE                  
1994|DSM  |ECLIPSE                  
1994|DSM  |ECLIPSE                  
1994|DSM  |LASER                    
1994|DSM  |GALANT                   
1994|DSM  |GALANT                   
1994|DSM  |GALANT                   
1994|DSM  |GALANT                   
1994|DSM  |GALANT                   
1994|MBZ  |C220                     
1994|MBZ  |C280                     
1994|MBZ  |E320                     
1994|MBZ  |E320                     
1994|MBZ  |E320                     
1994|MBZ  |E320                     
1994|MBZ  |E320                     
1994|MBZ  |E320                     
1994|MBZ  |E320                     
1994|MBZ  |SL320                    
1994|MBZ  |SL320                    
1994|MBZ  |S320                     
1994|MBZ  |S350D                    
1994|MBZ  |E420                     
1994|MBZ  |E420                     
1994|MBZ  |S420                     
1994|MBZ  |E500                     
1994|MBZ  |E500                     
1994|MBZ  |SL500                    
1994|MBZ  |SL500                    
1994|MBZ  |S500                     
1994|MBZ  |S500                     
1994|MBZ  |SL600                    
1994|MBZ  |SL600                    
1994|MBZ  |S600                     
1994|MBZ  |S600                     
1994|MBZ  |S600                     
1994|FERRA|FERRARI 512 TR           
1994|FERRA|FERRARI 348 TB/TS/SPIDER 
1994|FERRA|FERRARI 348 TB/TS/SPIDER 
1994|FERRA|FERRARI MONDIAL T/CABRIOL
1994|FERRA|FERRARI MONDIAL T/CABRIOL
1994|HONDA|CIVIC HB VX              
1994|HONDA|CIVIC HB VX              
1994|HONDA|CIVIC HB VX              
1994|HONDA|CIVIC HB VX              
1994|HONDA|CIVIC HB VX              
1994|HONDA|CIVIC HB VX              
1994|HONDA|CIVIC                    
1994|HONDA|CIVIC                    
1994|HONDA|CIVIC                    
1994|HONDA|CIVIC                    
1994|HONDA|CIVIC                    
1994|HONDA|CIVIC                    
1994|HONDA|CIVIC                    
1994|HONDA|CIVIC                    
1994|HONDA|CIVIC                    
1994|HONDA|CIVIC                    
1994|HONDA|CIVIC                    
1994|HONDA|CIVIC                    
1994|HONDA|CIVIC                    
1994|HONDA|CIVIC                    
1994|HONDA|CIVIC                    
1994|HONDA|CIVIC                    
1994|HONDA|CIVIC DEL SOL            
1994|HONDA|CIVIC                    
1994|HONDA|CIVIC                    
1994|HONDA|CIVIC                    
1994|HONDA|CIVIC DEL SOL            
1994|HONDA|CIVIC DEL SOL            
1994|HONDA|INTEGRA                  
1994|HONDA|INTEGRA                  
1994|HONDA|INTEGRA                  
1994|HONDA|INTEGRA                  
1994|HONDA|INTEGRA                  
1994|HONDA|ACCORD                   
1994|HONDA|ACCORD                   
1994|HONDA|ACCORD WAGON             
1994|HONDA|ACCORD                   
1994|HONDA|ACCORD WAGON             
1994|HONDA|ACCORD                   
1994|HONDA|ACCORD WAGON             
1994|HONDA|ACCORD                   
1994|HONDA|ACCORD WAGON             
1994|HONDA|PRELUDE                  
1994|HONDA|PRELUDE                  
1994|HONDA|PRELUDE                  
1994|HONDA|PRELUDE                  
1994|HONDA|PRELUDE                  
1994|HONDA|PRELUDE                  
1994|HONDA|VIGOR                    
1994|HONDA|VIGOR                    
1994|HONDA|VIGOR                    
1994|HONDA|VIGOR                    
1994|HONDA|NSX                      
1994|HONDA|NSX                      
1994|HONDA|LEGEND                   
1994|HONDA|LEGEND                   
1994|HONDA|LEGEND                   
1994|HONDA|LEGEND                   
1994|HONDA|LEGEND                   
1994|HONDA|LEGEND                   
1994|HONDA|LEGEND                   
1994|HONDA|LEGEND                   
1994|HYNDA|EXCEL                    
1994|HYNDA|EXCEL                    
1994|HYNDA|EXCEL                    
1994|HYNDA|EXCEL                    
1994|HYNDA|EXCEL                    
1994|HYNDA|SCOUPE                   
1994|HYNDA|SCOUPE                   
1994|HYNDA|SCOUPE                   
1994|HYNDA|SCOUPE                   
1994|HYNDA|SCOUPE                   
1994|HYNDA|SCOUPE                   
1994|HYNDA|SCOUPE                   
1994|HYNDA|SCOUPE                   
1994|HYNDA|ELANTRA                  
1994|HYNDA|ELANTRA                  
1994|HYNDA|ELANTRA                  
1994|HYNDA|ELANTRA                  
1994|HYNDA|ELANTRA                  
1994|HYNDA|ELANTRA                  
1994|HYNDA|SONATA                   
1994|HYNDA|SONATA                   
1994|HYNDA|SONATA                   
1994|HYNDA|SONATA(Y-3)              
1994|HYNDA|SONATA(Y-3)              
1994|HYNDA|SONATA(Y-3)              
1994|JCI  |JAGUAR XJ6               
1994|JCI  |JAGUAR XJ6               
1994|JCI  |JAGUAR XJ12              
1994|JCI  |JAGUAR XJ12              
1994|JCI  |JAGUAR XJS V12 COUPE     
1994|JCI  |JAGUAR XJS V12 COUPE     
1994|JCI  |JAGUAR XJS COUPE         
1994|JCI  |JAGUAR XJS COUPE         
1994|JCI  |JAGUAR XJS CONVERTIBLE   
1994|JCI  |JAGUAR XJS CONVERTIBLE   
1994|JCI  |JAGUAR XJS COUPE         
1994|JCI  |JAGUAR XJS CONVERTIBLE   
1994|JCI  |JAGUAR XJS CONVERTIBLE   
1994|KIA  |KIA SEPHIA               
1994|KIA  |KIA SEPHIA               
1994|LOTUS|LOTUS ESPRIT TURBO       
1994|NISSN|SENTRA                   
1994|NISSN|SENTRA                   
1994|NISSN|SENTRA                   
1994|NISSN|SENTRA                   
1994|NISSN|SENTRA                   
1994|NISSN|SENTRA                   
1994|NISSN|SENTRA                   
1994|NISSN|SENTRA                   
1994|NISSN|SENTRA                   
1994|NISSN|SENTRA                   
1994|NISSN|SENTRA                   
1994|NISSN|SENTRA                   
1994|NISSN|SENTRA                   
1994|NISSN|SENTRA                   
1994|NISSN|SENTRA                   
1994|NISSN|SENTRA                   
1994|NISSN|SENTRA                   
1994|NISSN|G20                      
1994|NISSN|G20                      
1994|NISSN|G20                      
1994|NISSN|240SX                    
1994|NISSN|240SX                    
1994|NISSN|STANZA ALTIMA            
1994|NISSN|STANZA ALTIMA            
1994|NISSN|STANZA ALTIMA            
1994|NISSN|STANZA ALTIMA            
1994|NISSN|STANZA ALTIMA            
1994|NISSN|STANZA ALTIMA            
1994|NISSN|300ZX 2+2                
1994|NISSN|300ZX                    
1994|NISSN|300ZX                    
1994|NISSN|300ZX                    
1994|NISSN|300ZX 2+2                
1994|NISSN|300ZX                    
1994|NISSN|300ZX                    
1994|NISSN|300ZX                    
1994|NISSN|J30                      
1994|NISSN|MAXIMA                   
1994|NISSN|MAXIMA                   
1994|NISSN|MAXIMA                   
1994|NISSN|MAXIMA                   
1994|NISSN|MAXIMA                   
1994|NISSN|MAXIMA                   
1994|NISSN|MAXIMA                   
1994|NISSN|MAXIMA                   
1994|NISSN|MAXIMA                   
1994|NISSN|MAXIMA                   
1994|NISSN|Q45                      
1994|NISSN|Q45                      
1994|NISSN|Q45                      
1994|NISSN|Q45                      
1994|NISSN|Q45 FULL-ACTIVE SUSPENSIO
1994|NISSN|Q45 FULL-ACTIVE SUSPENSIO
1994|NISSN|Q45 FULL-ACTIVE SUSPENSIO
1994|NISSN|Q45 FULL-ACTIVE SUSPENSIO
1994|PRSCH|911 CARRERA 4/2          
1994|PRSCH|911 CARRERA 4/2          
1994|PRSCH|911 CARRERA 4/2          
1994|PRSCH|911 CARRERA 4/2          
1994|PRSCH|911 CARRERA 4/2          
1994|PRSCH|911 CARRERA 4/2          
1994|PRSCH|911 CARRERA 4/2          
1994|PRSCH|911 TURBO                
1994|PRSCH|968                      
1994|PRSCH|968                      
1994|PRSCH|968                      
1994|PRSCH|968                      
1994|PRSCH|968                      
1994|PRSCH|968                      
1994|PRSCH|928 GTS                  
1994|PRSCH|928 GTS                  
1994|R-R  |BENTLEY TURBO R/TURBO RL 
1994|R-R  |BENTLEY TURBO R/TURBO RL 
1994|R-R  |SILVER SPUR III LIMOUSINE
1994|R-R  |SILVER SPIRIT III/SPUR II
1994|R-R  |CORNICHE IV              
1994|SAAB |SAAB 9000                
1994|SAAB |SAAB 9000                
1994|SAAB |SAAB CONVERTIBLE         
1994|SPI  |SALEEN MUSTANG S351      
1994|MITSH|MIRAGE                   
1994|MITSH|MIRAGE                   
1994|MITSH|MIRAGE                   
1994|MITSH|MIRAGE                   
1994|MITSH|MIRAGE                   
1994|MITSH|MIRAGE                   
1994|MITSH|MIRAGE                   
1994|MITSH|MIRAGE                   
1994|MITSH|MIRAGE                   
1994|MITSH|MIRAGE                   
1994|MITSH|EXPO.LRV                 
1994|MITSH|EXPO.LRV                 
1994|MITSH|EXPO                     
1994|MITSH|EXPO                     
1994|MITSH|STEALTH                  
1994|MITSH|STEALTH                  
1994|MITSH|STEALTH                  
1994|MITSH|STEALTH                  
1994|MITSH|STEALTH                  
1994|MITSH|STEALTH                  
1994|MITSH|3000 GT                  
1994|MITSH|3000 GT                  
1994|MITSH|STEALTH                  
1994|MITSH|STEALTH                  
1994|MITSH|STEALTH                  
1994|MITSH|3000 GT                  
1994|MITSH|STEALTH                  
1994|MITSH|STEALTH                  
1994|MITSH|DIAMANTE                 
1994|MITSH|DIAMANTE                 
1994|MITSH|DIAMANTE                 
1994|MITSH|DIAMANTE                 
1994|MITSH|DIAMANTE                 
1994|MITSH|DIAMANTE                 
1994|MITSH|DIAMANTE                 
1994|MITSH|DIAMANTE                 
1994|MMAL |DIAMANTE WAGON           
1994|MMAL |DIAMANTE WAGON           
1994|MZM  |RX-7                     
1994|MZM  |RX-7                     
1994|MZM  |RX-7                     
1994|MZM  |RX-7                     
1994|MZM  |323                      
1994|MZM  |323                      
1994|MZM  |323                      
1994|MZM  |323                      
1994|MZM  |323                      
1994|MZM  |323                      
1994|MZM  |323                      
1994|MZM  |323                      
1994|MZM  |MX-3                     
1994|MZM  |MX-3                     
1994|MZM  |MX-3                     
1994|MZM  |MX-3                     
1994|MZM  |MX-3                     
1994|MZM  |MX-3                     
1994|MZM  |323                      
1994|MZM  |323                      
1994|MZM  |323                      
1994|MZM  |323                      
1994|MZM  |323                      
1994|MZM  |MX-5 MIATA               
1994|MZM  |MX-5 MIATA               
1994|MZM  |PROTEGE                  
1994|MZM  |PROTEGE                  
1994|MZM  |MX-3                     
1994|MZM  |MX-3                     
1994|MZM  |MX-3                     
1994|MZM  |MX-3                     
1994|MZM  |MX-3                     
1994|MZM  |MX-6                     
1994|MZM  |MX-6                     
1994|MZM  |MX-6                     
1994|MZM  |MX-6                     
1994|MZM  |MX-6                     
1994|MZM  |MX-6                     
1994|MZM  |MX-6                     
1994|MZM  |MX-6                     
1994|MZM  |MX-6                     
1994|MZM  |MX-6                     
1994|MZM  |MX-6                     
1994|MZM  |929                      
1994|TOYOT|TERCEL                   
1994|TOYOT|TERCEL                   
1994|TOYOT|TERCEL                   
1994|TOYOT|TERCEL                   
1994|TOYOT|TERCEL                   
1994|TOYOT|TERCEL                   
1994|TOYOT|PASEO                    
1994|TOYOT|PASEO                    
1994|TOYOT|PASEO                    
1994|TOYOT|PASEO                    
1994|TOYOT|COROLLA                  
1994|TOYOT|COROLLA                  
1994|TOYOT|CELICA                   
1994|TOYOT|CELICA                   
1994|TOYOT|COROLLA WAGON            
1994|TOYOT|COROLLA                  
1994|TOYOT|COROLLA WAGON            
1994|TOYOT|MR2                      
1994|TOYOT|MR2                      
1994|TOYOT|MR2                      
1994|TOYOT|MR2                      
1994|TOYOT|CELICA                   
1994|TOYOT|CAMRY                    
1994|TOYOT|CAMRY WAGON              
1994|TOYOT|CAMRY WAGON              
1994|TOYOT|CELICA                   
1994|TOYOT|MR2                      
1994|TOYOT|MR2                      
1994|TOYOT|CAMRY                    
1994|TOYOT|CAMRY                    
1994|TOYOT|CAMRY WAGON              
1994|TOYOT|CAMRY WAGON              
1994|TOYOT|CAMRY WAGON              
1994|TOYOT|CAMRY WAGON              
1994|TOYOT|ES300                    
1994|TOYOT|ES300                    
1994|TOYOT|SUPRA                    
1994|TOYOT|SC300/SC400              
1994|TOYOT|SC300/SC400              
1994|TOYOT|GS300                    
1994|TOYOT|GS300                    
1994|TOYOT|GS300                    
1994|TOYOT|GS300                    
1994|TOYOT|SUPRA                    
1994|TOYOT|SUPRA                    
1994|TOYOT|SC300/SC400              
1994|TOYOT|SC300/SC400              
1994|TOYOT|SUPRA                    
1994|TOYOT|SUPRA                    
1994|TOYOT|SUPRA                    
1994|TOYOT|LS400                    
1994|TOYOT|LS400                    
1994|TOYOT|SC300/SC400              
1994|TOYOT|SC300/SC400              
1994|TOYOT|SC300/SC400              
1994|TOYOT|SC300/SC400              
1994|TOYOT|LS400                    
1994|TOYOT|LS400                    
1994|NUMMI|PRIZM                    
1994|NUMMI|PRIZM                    
1994|NUMMI|PRIZM                    
1994|V W  |Golf III                 
1994|V W  |Jetta III                
1994|V W  |Jetta III                
1994|V W  |Golf III                 
1994|V W  |Golf III                 
1994|V W  |Jetta III                
1994|V W  |Jetta III                
1994|V W  |Jetta III                
1994|V W  |Jetta III                
1994|V W  |Golf III                 
1994|V W  |Golf III                 
1994|V W  |Jetta III                
1994|V W  |Jetta III                
1994|V W  |Corrado SLC              
1994|V W  |Passat                   
1994|V W  |Passat Wagon             
1994|V W  |Corrado SLC              
1994|V W  |Passat Wagon             
1994|V W  |Jetta III GLX            
1994|V W  |Jetta III GLX            
1994|VOLVO|960 WAGON                
1994|VOLVO|960 WAGON                
1994|VOLVO|960                      
1994|VOLVO|960                      
1994|VOLVO|960 WAGON                
1994|VOLVO|960 WAGON                
1994|VOLVO|960 WAGON                
1994|VOLVO|960 WAGON                
1994|VOLVO|960                      
1994|VOLVO|960                      
1994|VOLVO|960                      
1994|VOLVO|960                      
1994|VOLVO|940 WAGON                
1994|VOLVO|940                      
1994|VOLVO|940                      
1994|VOLVO|940 WAGON                
1994|VOLVO|940                      
1994|VOLVO|940 WAGON                
1994|VOLVO|940                      
1994|VOLVO|940 WAGON                
1994|VOLVO|940 WAGON                
1994|VOLVO|940 WAGON                
1994|VOLVO|940                      
1994|VOLVO|940                      
1994|VOLVO|940                      
1994|VOLVO|940 WAGON                
1994|VOLVO|940                      
1994|VOLVO|940 WAGON                
1994|VOLVO|850                      
1994|VOLVO|850                      
1994|VOLVO|850                      
1994|VOLVO|850                      
1994|VOLVO|850                      
1994|VOLVO|850                      
1994|VOLVO|850 WAGON                
1994|VOLVO|850 WAGON                
1994|VOLVO|850 WAGON                
1994|VOLVO|850 WAGON                
1994|VOLVO|850 WAGON                
1994|VOLVO|850 WAGON                
1994|VOLVO|850                      
1994|VOLVO|850                      
1994|VOLVO|850                      
1994|VOLVO|850 WAGON                
1994|VOLVO|850 WAGON                
1994|VOLVO|850 WAGON                
1994|VOLVO|850                      
1994|VOLVO|850                      
1994|VOLVO|850                      
1994|VOLVO|850 WAGON                
1994|VOLVO|850 WAGON                
1994|VOLVO|850 WAGON                
1994|VOLVO|850                      
1994|VOLVO|850                      
1994|VOLVO|850                      
1994|VOLVO|850                      
1994|VOLVO|850 WAGON                
1994|VOLVO|850 WAGON                
1994|VOLVO|850 WAGON                
1994|VOLVO|850 WAGON                
1994|AUDI |90                       
1994|AUDI |90                       
1994|AUDI |90                       
1994|AUDI |90                       
1994|AUDI |100                      
1994|AUDI |100                      
1994|AUDI |100 quattro              
1994|AUDI |100 quattro              
1994|AUDI |100 quattro Wagon        
1994|AUDI |90                       
1994|AUDI |90                       
1994|AUDI |100                      
1994|AUDI |100                      
1994|AUDI |100                      
1994|AUDI |90 quattro               
1994|AUDI |90 quattro               
1994|AUDI |100 quattro              
1994|AUDI |V8                       
1994|AUDI |V8                       
1994|AUDI |Cabriolet                
1994|AUDI |Cabriolet                
1994|AUDI |S4                       
1994|FUJI |JUSTY                    
1994|FUJI |JUSTY                    
1994|FUJI |JUSTY                    
1994|FUJI |JUSTY                    
1994|FUJI |JUSTY                    
1994|FUJI |JUSTY                    
1994|FUJI |JUSTY                    
1994|FUJI |JUSTY                    
1994|FUJI |JUSTY AWD                
1994|FUJI |JUSTY AWD                
1994|FUJI |IMPREZA                  
1994|FUJI |IMPREZA WAGON            
1994|FUJI |IMPREZA WAGON            
1994|FUJI |IMPREZA                  
1994|FUJI |IMPREZA WAGON            
1994|FUJI |IMPREZA AWD              
1994|FUJI |IMPREZA WAGON            
1994|FUJI |IMPREZA WAGON AWD        
1994|FUJI |IMPREZA WAGON AWD        
1994|FUJI |IMPREZA WAGON AWD        
1994|FUJI |IMPREZA                  
1994|FUJI |IMPREZA WAGON            
1994|FUJI |IMPREZA                  
1994|FUJI |IMPREZA WAGON            
1994|FUJI |IMPREZA WAGON            
1994|FUJI |IMPREZA AWD              
1994|FUJI |IMPREZA WAGON            
1994|FUJI |IMPREZA WAGON AWD        
1994|FUJI |IMPREZA WAGON AWD        
1994|FUJI |IMPREZA WAGON AWD        
1994|FUJI |LEGACY                   
1994|FUJI |LEGACY WAGON             
1994|FUJI |LEGACY AWD               
1994|FUJI |LEGACY WAGON AWD         
1994|FUJI |LEGACY WAGON AWD         
1994|FUJI |LEGACY WAGON AWD         
1994|FUJI |LEGACY                   
1994|FUJI |LEGACY WAGON AWD         
1994|FUJI |LEGACY WAGON AWD         
1994|FUJI |LEGACY WAGON AWD         
1994|FUJI |LEGACY AWD TURBO         
1994|FUJI |LEGACY WAGON AWD TURBO   
1994|FUJI |LEGACY AWD TURBO         
1994|FUJI |SVX                      
1994|FUJI |SVX AWD                  
1994|FUJI |SVX AWD                  
1994|LMBOR|DB132/DIABLO             
1994|CHRYS|DAKOTA PICKUP 2WD        
1994|CHRYS|CHEROKEE 2WD             
1994|CHRYS|CARAVAN 2WD              
1994|CHRYS|VOYAGER 2WD              
1994|CHRYS|VOYAGER 2WD              
1994|CHRYS|CARAVAN 2WD              
1994|CHRYS|VOYAGER 2WD              
1994|CHRYS|CARAVAN 2WD              
1994|CHRYS|TOWN & COUNTRY 2WD       
1994|CHRYS|B150/B250 VAN 2WD        
1994|CHRYS|B150/B250 VAN 2WD        
1994|CHRYS|B150/B250 VAN 2WD        
1994|CHRYS|DAKOTA PICKUP 2WD        
1994|CHRYS|RAM 1500 2WD PICKUP      
1994|CHRYS|RAM 1500 2WD PICKUP      
1994|CHRYS|DAKOTA PICKUP 2WD        
1994|CHRYS|DAKOTA PICKUP 2WD        
1994|CHRYS|DAKOTA PICKUP 2WD        
1994|CHRYS|DAKOTA PICKUP 2WD        
1994|CHRYS|RAM 1500 2WD PICKUP      
1994|CHRYS|RAM 1500 2WD PICKUP      
1994|CHRYS|DAKOTA CAB CHASSIS 2WD   
1994|CHRYS|RAM 1500 2WD PICKUP      
1994|CHRYS|RAM 1500 2WD PICKUP      
1994|CHRYS|CHEROKEE 2WD             
1994|CHRYS|GRAND CHEROKEE 2WD       
1994|CHRYS|GRAND CHEROKEE 2WD       
1994|CHRYS|CHEROKEE 4WD             
1994|CHRYS|B150/B250 VAN 2WD        
1994|CHRYS|B150/B250 WAGON 2WD      
1994|CHRYS|RAM 2500 2WD PICKUP      
1994|CHRYS|DAKOTA PICKUP 2WD        
1994|CHRYS|DAKOTA CAB CHASSIS 2WD   
1994|CHRYS|B150/B250 VAN 2WD        
1994|CHRYS|B150/B250 VAN 2WD        
1994|CHRYS|B150/B250 VAN 2WD        
1994|CHRYS|B150/B250 WAGON 2WD      
1994|CHRYS|B150/B250 WAGON 2WD      
1994|CHRYS|B350 WAGON 2WD           
1994|CHRYS|B350 WAGON 2WD           
1994|CHRYS|DAKOTA PICKUP 2WD        
1994|CHRYS|DAKOTA PICKUP 2WD        
1994|CHRYS|DAKOTA CAB CHASSIS 2WD   
1994|CHRYS|RAM 1500 2WD PICKUP      
1994|CHRYS|RAM 1500 2WD PICKUP      
1994|CHRYS|RAM 1500 2WD PICKUP      
1994|CHRYS|RAM 1500 2WD PICKUP      
1994|CHRYS|RAM 2500 2WD PICKUP      
1994|CHRYS|B150/B250 VAN 2WD        
1994|CHRYS|RAM 1500 2WD PICKUP      
1994|CHRYS|B350 WAGON 2WD           
1994|CHRYS|WRANGLER 4WD             
1994|CHRYS|WRANGLER 4WD             
1994|CHRYS|WRANGLER 4WD             
1994|CHRYS|CHEROKEE 4WD             
1994|CHRYS|CHEROKEE 4WD             
1994|CHRYS|CHEROKEE 4WD             
1994|CHRYS|VOYAGER 4WD              
1994|CHRYS|TOWN & COUNTRY 4WD       
1994|CHRYS|VOYAGER 4WD              
1994|CHRYS|DAKOTA PICKUP 4WD        
1994|CHRYS|DAKOTA PICKUP 4WD        
1994|CHRYS|DAKOTA PICKUP 4WD        
1994|CHRYS|DAKOTA PICKUP 4WD        
1994|CHRYS|DAKOTA PICKUP 4WD        
1994|CHRYS|DAKOTA PICKUP 4WD        
1994|CHRYS|WRANGLER 4WD             
1994|CHRYS|CHEROKEE 4WD             
1994|CHRYS|CHEROKEE 4WD             
1994|CHRYS|CHEROKEE 4WD             
1994|CHRYS|GRAND CHEROKEE 4WD       
1994|CHRYS|CHEROKEE 4WD             
1994|CHRYS|GRAND CHEROKEE 4WD       
1994|CHRYS|GRAND CHEROKEE 4WD       
1994|CHRYS|GRAND CHEROKEE 4WD       
1994|CHRYS|GRAND CHEROKEE 4WD       
1994|CHRYS|GRAND CHEROKEE 4WD       
1994|CHRYS|WRANGLER 4WD             
1994|CHRYS|WRANGLER 4WD             
1994|CHRYS|RAM 2500 4WD PICKUP      
1994|CHRYS|RAM 2500 4WD PICKUP      
1994|CHRYS|GRAND CHEROKEE 4WD       
1994|CHRYS|GRAND CHEROKEE 4WD       
1994|CHRYS|GRAND CHEROKEE 4WD       
1994|CHRYS|GRAND CHEROKEE 4WD       
1994|CHRYS|DAKOTA PICKUP 4WD        
1994|CHRYS|RAM 1500 4WD PICKUP      
1994|CHRYS|DAKOTA PICKUP 4WD        
1994|CHRYS|DAKOTA PICKUP 4WD        
1994|CHRYS|DAKOTA PICKUP 4WD        
1994|CHRYS|DAKOTA PICKUP 4WD        
1994|CHRYS|RAM 1500 4WD PICKUP      
1994|CHRYS|RAM 1500 4WD PICKUP      
1994|CHRYS|RAM 2500 4WD PICKUP      
1994|CHRYS|RAM 1500 4WD PICKUP      
1994|CHRYS|RAM 2500 4WD PICKUP      
1994|FORD |RANGER PICKUP 2WD        
1994|FORD |RANGER PICKUP 2WD        
1994|FORD |RANGER PICKUP 2WD        
1994|FORD |RANGER PICKUP 2WD        
1994|FORD |RANGER PICKUP 2WD        
1994|FORD |RANGER PICKUP 2WD        
1994|FORD |RANGER PICKUP 4WD        
1994|FORD |RANGER PICKUP 4WD        
1994|FORD |RANGER PICKUP 4WD        
1994|FORD |AEROSTAR WAGON           
1994|FORD |AEROSTAR WAGON           
1994|FORD |AEROSTAR WAGON           
1994|FORD |AEROSTAR WAGON           
1994|FORD |RANGER PICKUP 2WD        
1994|FORD |AEROSTAR VAN             
1994|FORD |AEROSTAR VAN             
1994|FORD |RANGER PICKUP 2WD        
1994|FORD |AEROSTAR WAGON           
1994|FORD |AEROSTAR WAGON           
1994|FORD |AEROSTAR VAN             
1994|FORD |RANGER PICKUP 2WD        
1994|FORD |RANGER PICKUP 2WD        
1994|FORD |AEROSTAR VAN             
1994|FORD |RANGER PICKUP 2WD        
1994|FORD |RANGER PICKUP 4WD        
1994|FORD |RANGER PICKUP 4WD        
1994|FORD |RANGER PICKUP 4WD        
1994|FORD |RANGER PICKUP 4WD        
1994|FORD |RANGER PICKUP 4WD        
1994|FORD |RANGER PICKUP 4WD        
1994|FORD |RANGER PICKUP 4WD        
1994|FORD |RANGER PICKUP 4WD        
1994|FORD |RANGER PICKUP 4WD        
1994|FORD |RANGER PICKUP 4WD        
1994|FORD |RANGER PICKUP 2WD        
1994|FORD |RANGER PICKUP 2WD        
1994|FORD |EXPLORER 2WD             
1994|FORD |AEROSTAR WAGON           
1994|FORD |EXPLORER 2WD             
1994|FORD |RANGER PICKUP 2WD        
1994|FORD |AEROSTAR WAGON           
1994|FORD |EXPLORER 2WD             
1994|FORD |AEROSTAR WAGON           
1994|FORD |EXPLORER 2WD             
1994|FORD |AEROSTAR WAGON           
1994|FORD |EXPLORER 2WD             
1994|FORD |RANGER PICKUP 4WD        
1994|FORD |EXPLORER 4WD             
1994|FORD |EXPLORER 4WD             
1994|FORD |EXPLORER 4WD             
1994|FORD |EXPLORER 4WD             
1994|FORD |RANGER PICKUP 4WD        
1994|FORD |RANGER PICKUP 4WD        
1994|FORD |RANGER PICKUP 4WD        
1994|FORD |EXPLORER 4WD             
1994|FORD |EXPLORER 4WD             
1994|FORD |RANGER PICKUP 4WD        
1994|FORD |RANGER PICKUP 4WD        
1994|FORD |RANGER PICKUP 4WD        
1994|FORD |RANGER PICKUP 4WD        
1994|FORD |RANGER PICKUP 4WD        
1994|FORD |EXPLORER 4WD             
1994|FORD |RANGER PICKUP 4WD        
1994|FORD |RANGER PICKUP 4WD        
1994|FORD |RANGER PICKUP 4WD        
1994|FORD |EXPLORER 4WD             
1994|FORD |EXPLORER 4WD             
1994|FORD |EXPLORER 4WD             
1994|FORD |EXPLORER 4WD             
1994|FORD |EXPLORER 4WD             
1994|FORD |RANGER PICKUP 4WD        
1994|FORD |AEROSTAR WAGON ALL WHEEL 
1994|FORD |RANGER PICKUP 4WD        
1994|FORD |EXPLORER 4WD             
1994|FORD |EXPLORER 4WD             
1994|FORD |EXPLORER 4WD             
1994|FORD |EXPLORER 4WD             
1994|FORD |EXPLORER 4WD             
1994|FORD |RANGER PICKUP 4WD        
1994|FORD |AEROSTAR WAGON ALL WHEEL 
1994|FORD |RANGER PICKUP 4WD        
1994|FORD |EXPLORER 4WD             
1994|FORD |RANGER PICKUP 4WD        
1994|FORD |E250 ECONOLINE 2WD       
1994|FORD |E250 ECONOLINE 2WD       
1994|FORD |F150 PICKUP 2WD          
1994|FORD |F150 PICKUP 2WD          
1994|FORD |F250 PICKUP 2WD          
1994|FORD |F150 PICKUP 2WD          
1994|FORD |F150 PICKUP 2WD          
1994|FORD |F150 PICKUP 2WD          
1994|FORD |E150 ECONOLINE 2WD       
1994|FORD |F150 PICKUP 2WD          
1994|FORD |E150 ECONOLINE 2WD       
1994|FORD |F150 PICKUP 2WD          
1994|FORD |F150 PICKUP 2WD          
1994|FORD |F150 PICKUP 2WD          
1994|FORD |E150 ECONOLINE 2WD       
1994|FORD |E150 ECONOLINE 2WD       
1994|FORD |E150 ECONOLINE 2WD       
1994|FORD |E150 CLUB WAGON          
1994|FORD |E250 ECONOLINE 2WD       
1994|FORD |E150 CLUB WAGON          
1994|FORD |E250 ECONOLINE 2WD       
1994|FORD |F150 PICKUP 4WD          
1994|FORD |F150 PICKUP 4WD          
1994|FORD |F150 PICKUP 4WD          
1994|FORD |F150 PICKUP 4WD          
1994|FORD |F150 PICKUP 4WD          
1994|FORD |F150 PICKUP 2WD          
1994|FORD |F150 PICKUP 2WD          
1994|FORD |F150 PICKUP 2WD          
1994|FORD |F150 PICKUP 2WD          
1994|FORD |F250 PICKUP 2WD          
1994|FORD |E150 ECONOLINE 2WD       
1994|FORD |F150 PICKUP 2WD          
1994|FORD |E150 ECONOLINE 2WD       
1994|FORD |F150 PICKUP 2WD          
1994|FORD |F150 PICKUP 2WD          
1994|FORD |E150 ECONOLINE 2WD       
1994|FORD |F150 PICKUP 2WD          
1994|FORD |E150 CLUB WAGON          
1994|FORD |E150 CLUB WAGON          
1994|FORD |F150 PICKUP 4WD          
1994|FORD |F150 PICKUP 4WD          
1994|FORD |F150 PICKUP 4WD          
1994|FORD |F150 PICKUP 4WD          
1994|FORD |F150 PICKUP 4WD          
1994|FORD |F150 PICKUP 4WD          
1994|FORD |F150 PICKUP 4WD          
1994|FORD |F150 PICKUP 4WD          
1994|FORD |F150 PICKUP 2WD          
1994|FORD |E150 ECONOLINE 2WD       
1994|FORD |F150 PICKUP 2WD          
1994|FORD |E150 ECONOLINE 2WD       
1994|FORD |F150 PICKUP 2WD          
1994|FORD |F150 PICKUP 2WD          
1994|FORD |F150 PICKUP 2WD          
1994|FORD |F150 PICKUP 2WD          
1994|FORD |E150 ECONOLINE 2WD       
1994|FORD |E250 ECONOLINE 2WD       
1994|FORD |E150 CLUB WAGON          
1994|FORD |E250 ECONOLINE 2WD       
1994|FORD |E250 ECONOLINE 2WD       
1994|FORD |E250 ECONOLINE 2WD       
1994|FORD |E150 CLUB WAGON          
1994|FORD |F150 PICKUP 4WD          
1994|FORD |BRONCO 4WD               
1994|FORD |F150 PICKUP 4WD          
1994|FORD |BRONCO 4WD               
1994|GM   |POSTAL CAB CHASSIS 2WD   
1994|GM   |S10 PICKUP 2WD           
1994|GM   |S10 PICKUP 2WD           
1994|GM   |S10 PICKUP 2WD           
1994|GM   |S10 PICKUP 2WD           
1994|GM   |S10 PICKUP 2WD           
1994|GM   |S10 PICKUP 2WD           
1994|GM   |S10 PICKUP 2WD           
1994|GM   |S10 PICKUP 2WD           
1994|GM   |S10 BLAZER 2WD           
1994|GM   |ASTRO 2WD (PASSENGER)    
1994|GM   |ASTRO 2WD (PASSENGER)    
1994|GM   |S10 BLAZER 4WD           
1994|GM   |S10 BLAZER 4WD           
1994|GM   |ASTRO AWD (PASSENGER)    
1994|GM   |ASTRO AWD (PASSENGER)    
1994|GM   |ASTRO AWD (PASSENGER)    
1994|GM   |ASTRO AWD (PASSENGER)    
1994|GM   |S10 BLAZER 4WD           
1994|GM   |S10 BLAZER 4WD           
1994|GM   |S10 BLAZER 4WD           
1994|GM   |S10 BLAZER 4WD           
1994|GM   |S10 BLAZER 4WD           
1994|GM   |S10 BLAZER 4WD           
1994|GM   |K1500 PICKUP 4WD         
1994|GM   |K1500 PICKUP 4WD         
1994|GM   |K1500 PICKUP 4WD         
1994|GM   |K1500 PICKUP 4WD         
1994|GM   |K1500 PICKUP 4WD         
1994|GM   |C1500 PICKUP 2WD         
1994|GM   |K1500 PICKUP 4WD         
1994|GM   |K1500 PICKUP 4WD         
1994|GM   |K2500 PICKUP 4WD         
1994|GM   |K2500 PICKUP 4WD         
1994|GM   |K2500 PICKUP 4WD         
1994|GM   |K2500 PICKUP 4WD         
1994|GM   |K2500 PICKUP 4WD         
1994|GM   |K2500 PICKUP 4WD         
1994|GM   |K2500 PICKUP 4WD         
1994|GM   |K2500 PICKUP 4WD         
1994|GM   |K2500 PICKUP 4WD         
1994|GM   |K2500 PICKUP 4WD         
1994|GM   |K1500 PICKUP 4WD         
1994|GM   |K1500 PICKUP 4WD         
1994|GM   |K1500 PICKUP 4WD         
1994|GM   |K1500 PICKUP 4WD         
1994|GM   |K2500 PICKUP 4WD         
1994|GM   |K2500 PICKUP 4WD         
1994|GM   |S10 PICKUP 4WD           
1994|GM   |S10 PICKUP 4WD           
1994|GM   |S10 PICKUP 4WD           
1994|GM   |S10 PICKUP 4WD           
1994|GM   |C1500 PICKUP 2WD         
1994|GM   |C1500 PICKUP 2WD         
1994|GM   |G10/20 VAN 2WD           
1994|GM   |C2500 PICKUP 2WD         
1994|GM   |G30 SPORTVAN 2WD         
1994|GM   |G30 SPORTVAN 2WD         
1994|GM   |C1500 PICKUP 2WD         
1994|GM   |C1500 PICKUP 2WD         
1994|GM   |C1500 PICKUP 2WD         
1994|GM   |C1500 PICKUP 2WD         
1994|GM   |C1500 PICKUP 2WD         
1994|GM   |C1500 PICKUP 2WD         
1994|GM   |K1500 PICKUP 4WD         
1994|GM   |K1500 PICKUP 4WD         
1994|GM   |K2500 PICKUP 4WD         
1994|GM   |K1500 PICKUP 4WD         
1994|GM   |K1500 BLAZER 4WD         
1994|GM   |K1500 SUBURBAN 4WD       
1994|GM   |S10 PICKUP 4WD           
1994|GM   |C1500 PICKUP 2WD         
1994|GM   |C1500 PICKUP 2WD         
1994|GM   |C2500 PICKUP 2WD         
1994|GM   |K1500 PICKUP 4WD         
1994|GM   |K2500 PICKUP 4WD         
1994|GM   |K1500 PICKUP 4WD         
1994|GM   |K1500 PICKUP 4WD         
1994|GM   |K2500 PICKUP 4WD         
1994|GM   |C1500 PICKUP 2WD         
1994|GM   |C1500 PICKUP 2WD         
1994|GM   |K1500 PICKUP 4WD         
1994|GM   |K2500 PICKUP 4WD         
1994|GM   |K2500 PICKUP 4WD         
1994|GM   |K1500 PICKUP 4WD         
1994|GM   |C1500 PICKUP 2WD         
1994|GM   |C1500 PICKUP 2WD         
1994|GM   |C2500 PICKUP 2WD         
1994|GM   |G10/20 SPORTVAN 2WD      
1994|GM   |K1500 PICKUP 4WD         
1994|GM   |K2500 PICKUP 4WD         
1994|GM   |TRANS SPORT 2WD          
1994|GM   |LUMINA MINIVAN 2WD       
1994|GM   |LUMINA MINIVAN 2WD       
1994|GM   |TRANS SPORT 2WD          
1994|ISUZU|PICKUP 2WD               
1994|ISUZU|PICKUP 2WD               
1994|ISUZU|PICKUP 2WD               
1994|ISUZU|RODEO 2WD                
1994|ISUZU|RODEO 2WD                
1994|ISUZU|RODEO 4WD                
1994|ISUZU|RODEO 4WD                
1994|ISUZU|RODEO 2WD                
1994|ISUZU|RODEO 2WD                
1994|ISUZU|RODEO 2WD                
1994|ISUZU|RODEO 4WD                
1994|ISUZU|RODEO 4WD                
1994|ISUZU|RODEO 2WD                
1994|ISUZU|RODEO 4WD                
1994|ISUZU|RODEO 4WD                
1994|ISUZU|PICKUP 4WD               
1994|ISUZU|AMIGO 4WD                
1994|ISUZU|PICKUP 4WD               
1994|ISUZU|RODEO 4WD                
1994|ISUZU|RODEO 4WD                
1994|ISUZU|RODEO 4WD                
1994|ISUZU|RODEO 4WD                
1994|ISUZU|RODEO 4WD                
1994|ISUZU|RODEO 4WD                
1994|ISUZU|TROOPER                  
1994|ISUZU|TROOPER                  
1994|ISUZU|TROOPER                  
1994|ISUZU|TROOPER                  
1994|ISUZU|TROOPER                  
1994|ISUZU|TROOPER                  
1994|ISUZU|TROOPER                  
1994|ISUZU|TROOPER                  
1994|ISUZU|TROOPER                  
1994|ISUZU|TROOPER                  
1994|NISSN|TRUCK 2WD                
1994|NISSN|TRUCK 2WD                
1994|NISSN|TRUCK 2WD                
1994|NISSN|TRUCK 2WD                
1994|NISSN|TRUCK 2WD                
1994|NISSN|TRUCK 2WD                
1994|NISSN|TRUCK 2WD                
1994|NISSN|TRUCK 2WD                
1994|NISSN|TRUCK 4WD                
1994|NISSN|TRUCK 4WD                
1994|NISSN|TRUCK 4WD                
1994|NISSN|TRUCK 4WD                
1994|NISSN|TRUCK 4WD                
1994|NISSN|TRUCK 2WD                
1994|NISSN|TRUCK 2WD                
1994|NISSN|TRUCK 2WD                
1994|NISSN|TRUCK 2WD                
1994|NISSN|TRUCK 2WD                
1994|NISSN|TRUCK 2WD                
1994|NISSN|TRUCK 4WD                
1994|NISSN|TRUCK 4WD                
1994|NISSN|TRUCK 4WD                
1994|NISSN|PATHFINDER 2WD           
1994|NISSN|PATHFINDER 2WD           
1994|NISSN|PATHFINDER 2WD           
1994|NISSN|PATHFINDER 2WD           
1994|NISSN|PATHFINDER 2WD           
1994|NISSN|PATHFINDER 2WD           
1994|NISSN|PATHFINDER 4WD           
1994|NISSN|PATHFINDER 4WD           
1994|NISSN|PATHFINDER 4WD           
1994|NISSN|PATHFINDER 4WD           
1994|NISSN|PATHFINDER 4WD           
1994|NISSN|PATHFINDER 4WD           
1994|NISSN|PATHFINDER 4WD           
1994|NISSN|QUEST                    
1994|NISSN|QUEST                    
1994|NISSN|QUEST                    
1994|NISSN|QUEST                    
1994|ROVGP|RANGE ROVER COUNTY       
1994|ROVGP|LAND ROVER DISCOVERY     
1994|ROVGP|LAND ROVER DEFENDER 90   
1994|ROVGP|LAND ROVER DISCOVERY     
1994|ROVGP|RANGE ROVER COUNTY LWB   
1994|MITSH|TRUCK 2WD                
1994|MITSH|RAM 50 2WD               
1994|MITSH|TRUCK 2WD                
1994|MITSH|RAM 50 2WD               
1994|MITSH|TRUCK 2WD                
1994|MITSH|TRUCK 2WD                
1994|MITSH|TRUCK 4WD                
1994|MITSH|POWER RAM 50 4WD         
1994|MITSH|MONTERO                  
1994|MITSH|MONTERO                  
1994|MITSH|MONTERO                  
1994|MITSH|MONTERO                  
1994|MZM  |B2300/B3000/B4000        
1994|MZM  |B2300/B3000/B4000        
1994|MZM  |B2300/B3000/B4000        
1994|MZM  |B2300/B3000/B4000        
1994|MZM  |B2300/B3000/B4000        
1994|MZM  |B2300/B3000/B4000 4X4    
1994|MZM  |B2300/B3000/B4000 4X4    
1994|MZM  |B2300/B3000/B4000        
1994|MZM  |B2300/B3000/B4000        
1994|MZM  |B2300/B3000/B4000        
1994|MZM  |B2300/B3000/B4000        
1994|MZM  |B2300/B3000/B4000 4X4    
1994|MZM  |B2300/B3000/B4000 4X4    
1994|MZM  |B2300/B3000/B4000 4X4    
1994|MZM  |B2300/B3000/B4000 4X4    
1994|MZM  |B2300/B3000/B4000 4X4    
1994|MZM  |B2300/B3000/B4000 4X4    
1994|MZM  |B2300/B3000/B4000        
1994|MZM  |B2300/B3000/B4000        
1994|MZM  |B2300/B3000/B4000 4X4    
1994|MZM  |B2300/B3000/B4000 4X4    
1994|MZM  |B2300/B3000/B4000        
1994|MZM  |B2300/B3000/B4000        
1994|MZM  |B2300/B3000/B4000 4X4    
1994|MZM  |B2300/B3000/B4000 4X4    
1994|MZM  |B2300/B3000/B4000 4X4    
1994|MZM  |B2300/B3000/B4000        
1994|MZM  |B2300/B3000/B4000        
1994|MZM  |B2300/B3000/B4000        
1994|MZM  |B2300/B3000/B4000 4X4    
1994|MZM  |B2300/B3000/B4000 4X4    
1994|MZM  |B2300/B3000/B4000 4X4    
1994|MZM  |B2300/B3000/B4000        
1994|MZM  |B2300/B3000/B4000        
1994|MZM  |B2300/B3000/B4000        
1994|MZM  |B2300/B3000/B4000 4X4    
1994|MZM  |B2300/B3000/B4000        
1994|MZM  |B2300/B3000/B4000        
1994|MZM  |B2300/B3000/B4000 4X4    
1994|MZM  |B2300/B3000/B4000 4X4    
1994|MZM  |MPV                      
1994|MZM  |MPV                      
1994|MZM  |MPV                      
1994|MZM  |MPV                      
1994|MZM  |MPV                      
1994|MZM  |MPV                      
1994|MZM  |MPV 4X4                  
1994|MZM  |MPV 4X4                  
1994|MZM  |NAVAJO                   
1994|MZM  |NAVAJO                   
1994|MZM  |NAVAJO 4X4               
1994|MZM  |NAVAJO                   
1994|MZM  |NAVAJO                   
1994|MZM  |NAVAJO 4X4               
1994|MZM  |NAVAJO 4X4               
1994|TOYOT|TRUCK 2WD                
1994|TOYOT|TRUCK 4WD                
1994|TOYOT|TRUCK 4WD                
1994|TOYOT|TRUCK 2WD                
1994|TOYOT|TRUCK 2WD                
1994|TOYOT|TRUCK 2WD                
1994|TOYOT|TRUCK 4WD                
1994|TOYOT|TRUCK 4WD                
1994|TOYOT|TRUCK 4WD                
1994|TOYOT|TRUCK 4WD                
1994|TOYOT|4-RUNNER 4WD             
1994|TOYOT|4-RUNNER 4WD             
1994|TOYOT|4-RUNNER 4WD             
1994|TOYOT|PREVIA ALL-TRAC          
1994|TOYOT|PREVIA                   
1994|TOYOT|PREVIA ALL-TRAC          
1994|TOYOT|PREVIA                   
1994|TOYOT|TOYOTA T100 2WD          
1994|TOYOT|TOYOTA T100 2WD          
1994|TOYOT|TOYOTA T100 2WD          
1994|TOYOT|TRUCK 2WD                
1994|TOYOT|TRUCK 2WD                
1994|TOYOT|TOYOTA T100 2WD          
1994|TOYOT|TOYOTA T100 2WD          
1994|TOYOT|TOYOTA T100 2WD          
1994|TOYOT|4-RUNNER 2WD             
1994|TOYOT|TRUCK 4WD                
1994|TOYOT|TOYOTA T100 4WD          
1994|TOYOT|TOYOTA T100 4WD          
1994|TOYOT|4-RUNNER 4WD             
1994|TOYOT|4-RUNNER 4WD             
1994|TOYOT|TRUCK 2WD                
1994|TOYOT|TRUCK 2WD                
1994|TOYOT|TOYOTA T100 2WD          
1994|TOYOT|TOYOTA T100 2WD          
1994|TOYOT|TOYOTA T100 2WD          
1994|TOYOT|TRUCK 4WD                
1994|TOYOT|TOYOTA T100 4WD          
1994|TOYOT|TOYOTA T100 4WD          
1994|TOYOT|4-RUNNER 4WD             
1994|TOYOT|4-RUNNER 4WD             
1994|TOYOT|LAND CRUISER WAGON 4WD   
1994|TOYOT|LAND CRUISER WAGON 4WD   
1994|TOYOT|PREVIA                   
1994|TOYOT|PREVIA ALL-TRAC          
1994|V W  |EuroVan                  
1994|V W  |EuroVan                  
1994|V W  |EuroVan                  
1994|V W  |EuroVan                  
1994|FUJI |LOYALE WAGON AWD         
1994|FUJI |LOYALE WAGON AWD         
1994|FUJI |LOYALE WAGON AWD         
1994|FUJI |LOYALE WAGON AWD         
