MODEL_YEAR,MFR,MFR_CD,Represented Test Veh Make,Represented Test Veh Model,Test Vehicle ID,Test Veh Cnfg Num,Test Veh Displ (L),ACTUAL_TESTED_TESTGROUP,Vehicle Type,RATED_HP,NUM_CYLINDRS_ROTORS,ENGINE_CD,TESTED_TRANS_CD,TESTED_TRANS,# of Gears,TRANS_LOCKUP_YN,DRIVE_SYSTEM,DRIVE_SYSTEM_DESC,TOD_CD,TRANS_OVER_DRIVE,ETW,AXLE_RATIO,NV_RATIO,SIL_USAGE_CD,SIL_USAGE,TEST_NUMBER,Analytically Derived FE,TEST_PRC_CD,TEST_PROCEDURE,TEST_FUEL_CD,TEST_FUEL,TEST_CATEGORY,THC,CO,CO2,NOx,PM,RND_ADJ_FE,FE_UNIT,FE Bag 1,FE Bag 2,FE Bag 3,FE Bag 4,TARGET_COEF_A,TARGET_COEF_B,TARGET_COEF_C,SET_COEF_A,SET_COEF_B,SET_COEF_C,ATD_CODE,AFTERTREATMENT_DEVICE,POLICE_EMERG_VEH_YN,AVG_GRP_IND,AVG_WEIGHT_FACTOR,AVG_METHOD_CD,AVERAGING_METHOD
2009,Audi,ADX,AUDI,A6 QUATTRO,93UF-CAQ,1,2.995,9ADXV03.03UF,Car,300,6,CCAA,A,Automatic,6,Y,A,All Wheel Drive,2,Top gear ration < 1,4500,2.86,27,1,Not eqipped,9ADX10001319,No,3,HWFE,61,Tier 2 Cert Gasoline,HWY,0.0113,0.34,252,0.003,,35,MPG,,,,,38.9,0.474,0.0174,9.5,0.34,0.0176,TWC,Three-way catalyst,N,,,N,No averaging
2009,Audi,ADX,AUDI,A6 QUATTRO,93UF-CAQ,1,2.995,9ADXV03.03UF,Car,300,6,CCAA,A,Automatic,6,Y,A,All Wheel Drive,2,Top gear ration < 1,4500,2.86,27,1,Not eqipped,9ADX10001320,No,11,Cold CO,27,Cold CO Premium (Tier 2),FTP,0.31,1.72,480,0.025,,,MPG,15.4,18,22,,38.9,0.474,0.0174,9.5,0.34,0.0176,TWC,Three-way catalyst,N,,,N,No averaging
2009,Audi,ADX,AUDI,A6 QUATTRO,93UF-CAQ,1,2.995,9ADXV03.03UF,Car,300,6,CCAA,A,Automatic,6,Y,A,All Wheel Drive,2,Top gear ration < 1,4500,2.86,27,1,Not eqipped,9ADX10001321,No,90,US06,61,Tier 2 Cert Gasoline,US06,0.025,0.89,360,0.007,,,MPG,16.8,28.2,,,38.9,0.474,0.0174,9.5,0.34,0.0176,TWC,Three-way catalyst,N,,,N,No averaging
2009,Audi,ADX,AUDI,A6 QUATTRO,93UF-CAQ,1,2.995,9ADXV03.03UF,Car,300,6,CCAA,A,Automatic,6,Y,A,All Wheel Drive,2,Top gear ration < 1,4500,2.86,27,1,Not eqipped,9ADX10001322,No,95,SC03,61,Tier 2 Cert Gasoline,SC03,0.0497,0.96,468,0.006,,,MPG,,,,,38.9,0.474,0.0174,9.5,0.34,0.0176,TWC,Three-way catalyst,N,,,N,No averaging
2009,Audi,ADX,AUDI,A6 QUATTRO,93UF-CAQ,1,2.995,9ADXV03.03UF,Car,300,6,CCAA,A,Automatic,6,Y,A,All Wheel Drive,2,Top gear ration < 1,4500,2.86,27,1,Not eqipped,9ADX10001323,No,21,Federal fuel 2-day exhaust (w/can load),61,Tier 2 Cert Gasoline,FTP,0.0338,0.45,403,0.022,,21.9,MPG,20.5,21.2,24.8,,38.9,0.474,0.0174,9.5,0.34,0.0176,TWC,Three-way catalyst,N,,,N,No averaging
2009,Audi,ADX,Audi,Q5,93UC-Q5A,0,3.179,9ADXT03.23UC,Truck,270,6,CALB,A,Automatic,6,Y,A,All Wheel Drive,2,Top gear ration < 1,4500,4.22,35.2,1,Not eqipped,9ADX10000643,No,3,HWFE,61,Tier 2 Cert Gasoline,HWY,0.0007,0.26,287,0.005,,30.7,MPG,30.7,,,,33,0.29,0.0171,5,0.15,0.0172,TWC,Three-way catalyst,N,,,N,No averaging
2009,Audi,ADX,Audi,Q5,93UC-Q5A,0,3.179,9ADXT03.23UC,Truck,270,6,CALB,A,Automatic,6,Y,A,All Wheel Drive,2,Top gear ration < 1,4500,4.22,35.2,1,Not eqipped,9ADX10000646,No,11,Cold CO,27,Cold CO Premium (Tier 2),FTP,0.6673,1.33,467,0.057,,,MPG,15.5,18.8,22.1,,33,0.29,0.0171,5,0.15,0.0172,TWC,Three-way catalyst,N,,,N,No averaging
2009,Audi,ADX,Audi,Q5,93UC-Q5A,0,3.179,9ADXT03.23UC,Truck,270,6,CALB,A,Automatic,6,Y,A,All Wheel Drive,2,Top gear ration < 1,4500,4.22,35.2,1,Not eqipped,9ADX10001141,No,21,Federal fuel 2-day exhaust (w/can load),61,Tier 2 Cert Gasoline,FTP,0.0267,0.26,389,0.032,,22.7,MPG,21.3,22.4,24.4,,33,0.29,0.0171,5,0.15,0.0172,TWC,Three-way catalyst,N,,,N,No averaging
2009,Audi,ADX,Audi,Q5,93UC-Q5A,0,3.179,9ADXT03.23UC,Truck,270,6,CALB,A,Automatic,6,Y,A,All Wheel Drive,2,Top gear ration < 1,4500,4.22,35.2,1,Not eqipped,9ADX10001384,No,95,SC03,61,Tier 2 Cert Gasoline,SC03,0.0062,0.23,475,0.057,,,MPG,18.6,,,,33,0.29,0.0171,5,0.15,0.0172,TWC,Three-way catalyst,N,,,N,No averaging
2009,Audi,ADX,Audi,Q5,93UC-Q5A,0,3.179,9ADXT03.23UC,Truck,270,6,CALB,A,Automatic,6,Y,A,All Wheel Drive,2,Top gear ration < 1,4500,4.22,35.2,1,Not eqipped,9ADX10001385,No,90,US06,61,Tier 2 Cert Gasoline,US06,0.0106,0.88,411,0.012,,,MPG,14.4,24.9,,,33,0.29,0.0171,5,0.15,0.0172,TWC,Three-way catalyst,N,,,N,No averaging
2009,Audi,ADX,AUDI,Q7,EDV 93LD-TAQ,0,3,9ADXT03.03LD,Truck,225,6,CATA,A,Automatic,6,Y,A,All Wheel Drive,2,Top gear ration < 1,6000,3.9,32.4,1,Not eqipped,9ADX10001340,No,90,US06,19,Cert Diesel 7-15 ppm Sulfur,US06,0.0005,0.006,438,0.2086,0.002,,MPG,15.8,26.9,,,58,0.434,0.0272,-2,-0.074,0.0287,SCR,Selective Catalytic Reduction,N,,,N,No averaging
2009,Audi,ADX,AUDI,Q7,EDV 93LD-TAQ,0,3,9ADXT03.03LD,Truck,225,6,CATA,A,Automatic,6,Y,A,All Wheel Drive,2,Top gear ration < 1,6000,3.9,32.4,1,Not eqipped,9ADX10001340,No,90,US06,19,Cert Diesel 7-15 ppm Sulfur,US06,0.0005,0.006,438,0.2086,0.002,,MPG,15.8,26.9,,,58,0.434,0.0272,-2,-0.074,0.0287,OC,Oxidation catalyst,N,,,N,No averaging
2009,Audi,ADX,AUDI,Q7,EDV 93LD-TAQ,0,3,9ADXT03.03LD,Truck,225,6,CATA,A,Automatic,6,Y,A,All Wheel Drive,2,Top gear ration < 1,6000,3.9,32.4,1,Not eqipped,9ADX10001340,No,90,US06,19,Cert Diesel 7-15 ppm Sulfur,US06,0.0005,0.006,438,0.2086,0.002,,MPG,15.8,26.9,,,58,0.434,0.0272,-2,-0.074,0.0287,DPF,Diesel Particulate Filter,N,,,N,No averaging
2009,Audi,ADX,AUDI,Q7,EDV 93LD-TAQ,0,3,9ADXT03.03LD,Truck,225,6,CATA,A,Automatic,6,Y,A,All Wheel Drive,2,Top gear ration < 1,6000,3.9,32.4,1,Not eqipped,9ADX10001341,No,95,SC03,19,Cert Diesel 7-15 ppm Sulfur,SC03,0.0069,0.005,536,0.0742,0.003,,MPG,19,,,,58,0.434,0.0272,-2,-0.074,0.0287,DPF,Diesel Particulate Filter,N,,,N,No averaging
2009,Audi,ADX,AUDI,Q7,EDV 93LD-TAQ,0,3,9ADXT03.03LD,Truck,225,6,CATA,A,Automatic,6,Y,A,All Wheel Drive,2,Top gear ration < 1,6000,3.9,32.4,1,Not eqipped,9ADX10001341,No,95,SC03,19,Cert Diesel 7-15 ppm Sulfur,SC03,0.0069,0.005,536,0.0742,0.003,,MPG,19,,,,58,0.434,0.0272,-2,-0.074,0.0287,OC,Oxidation catalyst,N,,,N,No averaging
2009,Audi,ADX,AUDI,Q7,EDV 93LD-TAQ,0,3,9ADXT03.03LD,Truck,225,6,CATA,A,Automatic,6,Y,A,All Wheel Drive,2,Top gear ration < 1,6000,3.9,32.4,1,Not eqipped,9ADX10001341,No,95,SC03,19,Cert Diesel 7-15 ppm Sulfur,SC03,0.0069,0.005,536,0.0742,0.003,,MPG,19,,,,58,0.434,0.0272,-2,-0.074,0.0287,SCR,Selective Catalytic Reduction,N,,,N,No averaging
2009,Audi,ADX,AUDI,Q7,EDV 93LD-TAQ,0,3,9ADXT03.03LD,Truck,225,6,CATA,A,Automatic,6,Y,A,All Wheel Drive,2,Top gear ration < 1,6000,3.9,32.4,1,Not eqipped,9ADX10002091,No,11,Cold CO,19,Cert Diesel 7-15 ppm Sulfur,FTP,0.027,0.18,547,,,,MPG,15.5,18.8,21.3,,58,0.434,0.0272,-2,-0.074,0.0287,DPF,Diesel Particulate Filter,N,,,N,No averaging
2009,Audi,ADX,AUDI,Q7,EDV 93LD-TAQ,0,3,9ADXT03.03LD,Truck,225,6,CATA,A,Automatic,6,Y,A,All Wheel Drive,2,Top gear ration < 1,6000,3.9,32.4,1,Not eqipped,9ADX10002091,No,11,Cold CO,19,Cert Diesel 7-15 ppm Sulfur,FTP,0.027,0.18,547,,,,MPG,15.5,18.8,21.3,,58,0.434,0.0272,-2,-0.074,0.0287,OC,Oxidation catalyst,N,,,N,No averaging
2009,Audi,ADX,AUDI,Q7,EDV 93LD-TAQ,0,3,9ADXT03.03LD,Truck,225,6,CATA,A,Automatic,6,Y,A,All Wheel Drive,2,Top gear ration < 1,6000,3.9,32.4,1,Not eqipped,9ADX10002091,No,11,Cold CO,19,Cert Diesel 7-15 ppm Sulfur,FTP,0.027,0.18,547,,,,MPG,15.5,18.8,21.3,,58,0.434,0.0272,-2,-0.074,0.0287,SCR,Selective Catalytic Reduction,N,,,N,No averaging
2009,Audi,ADX,AUDI,Q7,EDV 93LD-TAQ,0,3,9ADXT03.03LD,Truck,225,6,CATA,A,Automatic,6,Y,A,All Wheel Drive,2,Top gear ration < 1,6000,3.9,32.4,1,Not eqipped,9ADX91000016,No,2,CVS 75 and later (w/o can. load),19,Cert Diesel 7-15 ppm Sulfur,FTP,0.0431051,0.177454,514.4384659,0.0335509,0.0021942,19.8,MPG,17.5751624,19.6128322,22.1686467,,58,0.434,0.0272,-2,-0.074,0.0287,SCR,Selective Catalytic Reduction,N,,,N,No averaging
2009,Audi,ADX,AUDI,Q7,EDV 93LD-TAQ,0,3,9ADXT03.03LD,Truck,225,6,CATA,A,Automatic,6,Y,A,All Wheel Drive,2,Top gear ration < 1,6000,3.9,32.4,1,Not eqipped,9ADX91000016,No,2,CVS 75 and later (w/o can. load),19,Cert Diesel 7-15 ppm Sulfur,FTP,0.0431051,0.177454,514.4384659,0.0335509,0.0021942,19.8,MPG,17.5751624,19.6128322,22.1686467,,58,0.434,0.0272,-2,-0.074,0.0287,DPF,Diesel Particulate Filter,N,,,N,No averaging
2009,Audi,ADX,AUDI,Q7,EDV 93LD-TAQ,0,3,9ADXT03.03LD,Truck,225,6,CATA,A,Automatic,6,Y,A,All Wheel Drive,2,Top gear ration < 1,6000,3.9,32.4,1,Not eqipped,9ADX91000016,No,2,CVS 75 and later (w/o can. load),19,Cert Diesel 7-15 ppm Sulfur,FTP,0.0431051,0.177454,514.4384659,0.0335509,0.0021942,19.8,MPG,17.5751624,19.6128322,22.1686467,,58,0.434,0.0272,-2,-0.074,0.0287,OC,Oxidation catalyst,N,,,N,No averaging
2009,Audi,ADX,AUDI,Q7,EDV 93LD-TAQ,0,3,9ADXT03.03LD,Truck,225,6,CATA,A,Automatic,6,Y,A,All Wheel Drive,2,Top gear ration < 1,6000,3.9,32.4,1,Not eqipped,9ADX91000017,No,3,HWFE,19,Cert Diesel 7-15 ppm Sulfur,HWY,0.0008671,0.0023995,306.0102034,0.0226385,0.0011439,33.3,MPG,33.2525099,,,,58,0.434,0.0272,-2,-0.074,0.0287,OC,Oxidation catalyst,N,,,N,No averaging
2009,Audi,ADX,AUDI,Q7,EDV 93LD-TAQ,0,3,9ADXT03.03LD,Truck,225,6,CATA,A,Automatic,6,Y,A,All Wheel Drive,2,Top gear ration < 1,6000,3.9,32.4,1,Not eqipped,9ADX91000017,No,3,HWFE,19,Cert Diesel 7-15 ppm Sulfur,HWY,0.0008671,0.0023995,306.0102034,0.0226385,0.0011439,33.3,MPG,33.2525099,,,,58,0.434,0.0272,-2,-0.074,0.0287,DPF,Diesel Particulate Filter,N,,,N,No averaging
2009,Audi,ADX,AUDI,Q7,EDV 93LD-TAQ,0,3,9ADXT03.03LD,Truck,225,6,CATA,A,Automatic,6,Y,A,All Wheel Drive,2,Top gear ration < 1,6000,3.9,32.4,1,Not eqipped,9ADX91000017,No,3,HWFE,19,Cert Diesel 7-15 ppm Sulfur,HWY,0.0008671,0.0023995,306.0102034,0.0226385,0.0011439,33.3,MPG,33.2525099,,,,58,0.434,0.0272,-2,-0.074,0.0287,SCR,Selective Catalytic Reduction,N,,,N,No averaging
2009,Audi,ADX,AUDI,Touareg,EDV 93LD-TAQ,1,3,9ADXT03.03LD,Truck,225,6,CATA,A,Automatic,6,Y,A,All Wheel Drive,2,Top gear ration < 1,5500,3.9,32.4,1,Not eqipped,9ADX10000221,No,2,CVS 75 and later (w/o can. load),19,Cert Diesel 7-15 ppm Sulfur,FTP,0.0305,0.103,464,0.024,0.001,21.9,MPG,19.4,21.9,24.5,,59,0.387,0.0296,-4,-0.125,0.031,SCR,Selective Catalytic Reduction,N,,,N,No averaging
2009,Audi,ADX,AUDI,Touareg,EDV 93LD-TAQ,1,3,9ADXT03.03LD,Truck,225,6,CATA,A,Automatic,6,Y,A,All Wheel Drive,2,Top gear ration < 1,5500,3.9,32.4,1,Not eqipped,9ADX10000221,No,2,CVS 75 and later (w/o can. load),19,Cert Diesel 7-15 ppm Sulfur,FTP,0.0305,0.103,464,0.024,0.001,21.9,MPG,19.4,21.9,24.5,,59,0.387,0.0296,-4,-0.125,0.031,DPF,Diesel Particulate Filter,N,,,N,No averaging
2009,Audi,ADX,AUDI,Touareg,EDV 93LD-TAQ,1,3,9ADXT03.03LD,Truck,225,6,CATA,A,Automatic,6,Y,A,All Wheel Drive,2,Top gear ration < 1,5500,3.9,32.4,1,Not eqipped,9ADX10000221,No,2,CVS 75 and later (w/o can. load),19,Cert Diesel 7-15 ppm Sulfur,FTP,0.0305,0.103,464,0.024,0.001,21.9,MPG,19.4,21.9,24.5,,59,0.387,0.0296,-4,-0.125,0.031,OC,Oxidation catalyst,N,,,N,No averaging
2009,Audi,ADX,AUDI,Touareg,EDV 93LD-TAQ,1,3,9ADXT03.03LD,Truck,225,6,CATA,A,Automatic,6,Y,A,All Wheel Drive,2,Top gear ration < 1,5500,3.9,32.4,1,Not eqipped,9ADX10000222,No,3,HWFE,19,Cert Diesel 7-15 ppm Sulfur,HWY,0.0013,0.002,296,0.0349,0.001,34.4,MPG,34.4,,,,59,0.387,0.0296,-4,-0.125,0.031,DPF,Diesel Particulate Filter,N,,,N,No averaging
2009,Audi,ADX,AUDI,Touareg,EDV 93LD-TAQ,1,3,9ADXT03.03LD,Truck,225,6,CATA,A,Automatic,6,Y,A,All Wheel Drive,2,Top gear ration < 1,5500,3.9,32.4,1,Not eqipped,9ADX10000222,No,3,HWFE,19,Cert Diesel 7-15 ppm Sulfur,HWY,0.0013,0.002,296,0.0349,0.001,34.4,MPG,34.4,,,,59,0.387,0.0296,-4,-0.125,0.031,SCR,Selective Catalytic Reduction,N,,,N,No averaging
2009,Audi,ADX,AUDI,Touareg,EDV 93LD-TAQ,1,3,9ADXT03.03LD,Truck,225,6,CATA,A,Automatic,6,Y,A,All Wheel Drive,2,Top gear ration < 1,5500,3.9,32.4,1,Not eqipped,9ADX10000222,No,3,HWFE,19,Cert Diesel 7-15 ppm Sulfur,HWY,0.0013,0.002,296,0.0349,0.001,34.4,MPG,34.4,,,,59,0.387,0.0296,-4,-0.125,0.031,OC,Oxidation catalyst,N,,,N,No averaging
2009,BMW,BMX,BMW,128i,VF06008,2,3,9BMXJ03.0E89,Both,230,6,2.8-M-N52-E82D,M,Manual,6,N,R,"2-Wheel Drive, Rear",2,Top gear ration < 1,3500,3.23,37.8,1,Not eqipped,9BMX10001333,No,31,Federal fuel 3-day exhaust,61,Tier 2 Cert Gasoline,FTP,0.02157,0.0853,355.17,0.011,,24.9,MPG,,,,,32.8,0.118,0.01752,14.8,-0.117,0.01887,TWC,Three-way catalyst,N,,,N,No averaging
2009,BMW,BMX,BMW,128i,VF06008,2,3,9BMXJ03.0E89,Both,230,6,2.8-M-N52-E82D,M,Manual,6,N,R,"2-Wheel Drive, Rear",2,Top gear ration < 1,3500,3.23,37.8,1,Not eqipped,9BMX10001334,No,3,HWFE,61,Tier 2 Cert Gasoline,HWY,0.00047,0.0006,216.4,0.001,,40.9,MPG,,,,,32.8,0.118,0.01752,14.8,-0.117,0.01887,TWC,Three-way catalyst,N,,,N,No averaging
2009,BMW,BMX,BMW,128i,VF08014,0,3,9BMXJ03.0E89,Both,230,6,2.8-A-N52-E82R,A,Automatic,6,Y,R,"2-Wheel Drive, Rear",2,Top gear ration < 1,3625,3.73,34.5,1,Not eqipped,9BMX01078932,No,3,HWFE,61,Tier 2 Cert Gasoline,HWY,0.00109,0.0093,218.41,0.0021,,40.8,MPG,,,,,37.5,0.065,0.01835,14.4,-0.059,0.01852,TWC,Three-way catalyst,N,,,N,No averaging
2009,BMW,BMX,BMW,128i,VF08014,0,3,9BMXJ03.0E89,Both,230,6,2.8-A-N52-E82R,A,Automatic,6,Y,R,"2-Wheel Drive, Rear",2,Top gear ration < 1,3625,3.73,34.5,1,Not eqipped,9BMX01078951,No,31,Federal fuel 3-day exhaust,61,Tier 2 Cert Gasoline,FTP,0.02712,0.0647,370.71,0.0144,,23.9,MPG,,,,,37.5,0.065,0.01835,14.4,-0.059,0.01852,TWC,Three-way catalyst,N,,,N,No averaging
2009,BMW,BMX,BMW,128i Convertible,VF06008,1,3,8BMXB03.0N5R,Both,230,,2.8-M-N52-E88R,M,Manual,6,N,R,"2-Wheel Drive, Rear",2,Top gear ration < 1,3750,3.23,37.8,1,Not eqipped,8BMX91000061,No,3,HWFE,61,Tier 2 Cert Gasoline,HWY,0.0027426,0.0135388,230.3951358,0.0016799,,38.7,MPG,,,,,34.6,0.118,0.01927,14.9,-0.059,0.01986,,,N,,,N,No averaging
2009,BMW,BMX,BMW,128i Convertible,VF06008,1,3,8BMXB03.0N5R,Both,230,,2.8-M-N52-E88R,M,Manual,6,N,R,"2-Wheel Drive, Rear",2,Top gear ration < 1,3750,3.23,37.8,1,Not eqipped,8BMX91000063,No,21,Federal fuel 2-day exhaust (w/can load),61,Tier 2 Cert Gasoline,FTP,0.0312456,0.1159399,369.8757198,0.0104721,,24,MPG,,,,,34.6,0.118,0.01927,14.9,-0.059,0.01986,,,N,,,N,No averaging
2009,BMW,BMX,BMW,135i,VF22010,2,3,9BMXV03.054R,Car,300,6,3.0-A-N54-E82R,M,Manual,6,N,R,"2-Wheel Drive, Rear",2,Top gear ration < 1,3625,3.08,37.2,1,Not eqipped,9BMX01079872,No,31,Federal fuel 3-day exhaust,61,Tier 2 Cert Gasoline,FTP,0.02685,0.1173,407.14,0.0184,,21.8,MPG,,,,,39,0.129,0.01805,22.1,-0.194,0.02044,TWC,Three-way catalyst,N,,,N,No averaging
2009,BMW,BMX,BMW,135i,VF22010,2,3,9BMXV03.054R,Car,300,6,3.0-A-N54-E82R,M,Manual,6,N,R,"2-Wheel Drive, Rear",2,Top gear ration < 1,3625,3.08,37.2,1,Not eqipped,9BMX01079873,No,3,HWFE,61,Tier 2 Cert Gasoline,HWY,0.00076,0,252.52,0.0041,,35.1,MPG,,,,,39,0.129,0.01805,22.1,-0.194,0.02044,TWC,Three-way catalyst,N,,,N,No averaging
2009,BMW,BMX,BMW,328i,KX70000,0,3,9BMXJ03.0E89,Both,230,6,2.8-A-N52-E90D,A,Automatic,6,Y,R,"2-Wheel Drive, Rear",2,Top gear ration < 1,3750,3.73,34.9,1,Not eqipped,9BMX01070965,No,31,Federal fuel 3-day exhaust,61,Tier 2 Cert Gasoline,FTP,0.02906,0.0173,374.72,0.0133,,23.7,MPG,,,,,38.7,0.069,0.01747,13.8,-0.138,0.01834,TWC,Three-way catalyst,N,,,N,No averaging
2009,BMW,BMX,BMW,328i,KX70000,0,3,9BMXJ03.0E89,Both,230,6,2.8-A-N52-E90D,A,Automatic,6,Y,R,"2-Wheel Drive, Rear",2,Top gear ration < 1,3750,3.73,34.9,1,Not eqipped,9BMX01070966,No,3,HWFE,23,CARB Phase II Gasoline,HWY,0.0003,0.0221,217.58,0.0026,,40.9,MPG,,,,,38.7,0.069,0.01747,13.8,-0.138,0.01834,TWC,Three-way catalyst,N,,,N,No averaging
2009,BMW,BMX,BMW,328i,KX70000,1,3,9BMXJ03.0E89,Both,230,6,2.8-A-N52-E90D,A,Automatic,6,Y,R,"2-Wheel Drive, Rear",2,Top gear ration < 1,3750,3.73,34.8,1,Not eqipped,9BMX01070967,No,31,Federal fuel 3-day exhaust,61,Tier 2 Cert Gasoline,FTP,0.02603,0.2012,385.34,0.0123,,23.1,MPG,,,,,42.9,0.069,0.01805,18.1,-0.035,0.01776,TWC,Three-way catalyst,N,,,N,No averaging
2009,BMW,BMX,BMW,328i,KX70000,1,3,9BMXJ03.0E89,Both,230,6,2.8-A-N52-E90D,A,Automatic,6,Y,R,"2-Wheel Drive, Rear",2,Top gear ration < 1,3750,3.73,34.8,1,Not eqipped,9BMX01070968,No,3,HWFE,23,CARB Phase II Gasoline,HWY,0.00045,0.0365,227.37,0.0025,,39.2,MPG,,,,,42.9,0.069,0.01805,18.1,-0.035,0.01776,TWC,Three-way catalyst,N,,,N,No averaging
2009,BMW,BMX,BMW,328i,PU87089,0,3,9BMXJ03.0E89,Both,230,6,2.8-A-N52-E90D,M,Manual,6,N,R,"2-Wheel Drive, Rear",2,Top gear ration < 1,3625,3.23,38,1,Not eqipped,9BMX01073472,No,31,Federal fuel 3-day exhaust,61,Tier 2 Cert Gasoline,FTP,0.01928,0.2342,386.97,0.0134,,23,MPG,,,,,34.2,0.122,0.01671,15.7,-0.01,0.01703,TWC,Three-way catalyst,N,,,N,No averaging
2009,BMW,BMX,BMW,328i,PU87089,0,3,9BMXJ03.0E89,Both,230,6,2.8-A-N52-E90D,M,Manual,6,N,R,"2-Wheel Drive, Rear",2,Top gear ration < 1,3625,3.23,38,1,Not eqipped,9BMX01073473,No,3,HWFE,61,Tier 2 Cert Gasoline,HWY,0.00083,0.017,223.56,0.002,,39.8,MPG,,,,,34.2,0.122,0.01671,15.7,-0.01,0.01703,TWC,Three-way catalyst,N,,,N,No averaging
2009,BMW,BMX,BMW,328i,PU87089,1,3,9BMXJ03.0E89,Both,230,6,2.8-A-N52-E90D,M,Manual,6,N,R,"2-Wheel Drive, Rear",2,Top gear ration < 1,3625,3.23,38,1,Not eqipped,9BMX01073506,No,31,Federal fuel 3-day exhaust,61,Tier 2 Cert Gasoline,FTP,0.01883,0.0906,405.6,0.0135,,21.9,MPG,,,,,38,0.121,0.01729,21.8,-0.114,0.01892,TWC,Three-way catalyst,N,,,N,No averaging
2009,BMW,BMX,BMW,328i,PU87089,1,3,9BMXJ03.0E89,Both,230,6,2.8-A-N52-E90D,M,Manual,6,N,R,"2-Wheel Drive, Rear",2,Top gear ration < 1,3625,3.23,38,1,Not eqipped,9BMX01073507,No,3,HWFE,61,Tier 2 Cert Gasoline,HWY,0.00036,0.0056,233.21,0.0017,,38.2,MPG,,,,,38,0.121,0.01729,21.8,-0.114,0.01892,TWC,Three-way catalyst,N,,,N,No averaging
2009,BMW,BMX,BMW,750i,CY33005,0,4.4,9BMXV04.4N63,Car,400,8,4.4-N63-F02,SA,Semi-Automatic,6,Y,R,"2-Wheel Drive, Rear",2,Top gear ration < 1,5000,3.46,29.9,1,Not eqipped,9BMX91000083,No,3,HWFE,61,Tier 2 Cert Gasoline,HWY,0.1280177,0.5211268,304.5860911,0.0034047,,29,MPG,,,,,50.3,0.245,0.01789,26.6,-0.017,0.0193,TWC,Three-way catalyst,N,,,N,No averaging
2009,BMW,BMX,BMW,750i,CY33005,0,4.4,9BMXV04.4N63,Car,400,8,4.4-N63-F02,SA,Semi-Automatic,6,Y,R,"2-Wheel Drive, Rear",2,Top gear ration < 1,5000,3.46,29.9,1,Not eqipped,9BMX91000084,No,21,Federal fuel 2-day exhaust (w/can load),61,Tier 2 Cert Gasoline,FTP,0.0552132,0.4387812,524.0382914,0.0180385,,16.9,MPG,,,,,50.3,0.245,0.01789,26.6,-0.017,0.0193,TWC,Three-way catalyst,N,,,N,No averaging
2009,BMW,BMX,BMW,750i,CY33005,0,4.4,9BMXV04.4N63,Car,400,8,4.4-N63-F02,SA,Semi-Automatic,6,Y,R,"2-Wheel Drive, Rear",2,Top gear ration < 1,5000,3.46,29.9,1,Not eqipped,9BMX91000094,No,21,Federal fuel 2-day exhaust (w/can load),61,Tier 2 Cert Gasoline,FTP,0.0171999,0.3529523,522.2920566,0.0190193,,17,MPG,17.3563266,15.8613433,19.3372265,,50.3,0.245,0.01789,26.6,-0.017,0.0193,TWC,Three-way catalyst,N,,,N,No averaging
2009,BMW,BMX,BMW,750i,CY33005,1,4.4,9BMXV04.4N63,Car,400,8,4.4-N63-F02,A,Automatic,6,Y,R,"2-Wheel Drive, Rear",2,Top gear ration < 1,5000,3.46,29.9,1,Not eqipped,9BMX10001408,No,31,Federal fuel 3-day exhaust,61,Tier 2 Cert Gasoline,FTP,0.01471,0.2338,487.48,0.0186,,18.3,MPG,,,,,44,0.255,0.01851,19,-0.233,0.02236,TWC,Three-way catalyst,N,,,N,No averaging
2009,BMW,BMX,BMW,750i,CY33005,1,4.4,9BMXV04.4N63,Car,400,8,4.4-N63-F02,A,Automatic,6,Y,R,"2-Wheel Drive, Rear",2,Top gear ration < 1,5000,3.46,29.9,1,Not eqipped,9BMX10001409,No,3,HWFE,61,Tier 2 Cert Gasoline,HWY,0.00718,0.1325,292.5,0.0067,,30.4,MPG,,,,,44,0.255,0.01851,19,-0.233,0.02236,TWC,Three-way catalyst,N,,,N,No averaging
2009,BMW,BMX,BMW,750i,CY33005,2,4.4,9BMXV04.4N63,Car,400,8,4.4-N63-F01,SA,Semi-Automatic,6,Y,R,"2-Wheel Drive, Rear",2,Top gear ration < 1,4750,3.46,29.9,1,Not eqipped,9BMX10001557,No,31,Federal fuel 3-day exhaust,61,Tier 2 Cert Gasoline,FTP,0.01426,0.2429,488.13,0.0177,,18.2,MPG,,,,,49.7,0.245,0.01788,27.2,-0.117,0.02069,TWC,Three-way catalyst,N,,,N,No averaging
2009,BMW,BMX,BMW,750i,CY33005,2,4.4,9BMXV04.4N63,Car,400,8,4.4-N63-F01,SA,Semi-Automatic,6,Y,R,"2-Wheel Drive, Rear",2,Top gear ration < 1,4750,3.46,29.9,1,Not eqipped,9BMX10001558,No,3,HWFE,61,Tier 2 Cert Gasoline,HWY,0.01229,0.1446,296.34,0.0074,,30,MPG,,,,,49.7,0.245,0.01788,27.2,-0.117,0.02069,TWC,Three-way catalyst,N,,,N,No averaging
2009,BMW,BMX,BMW,750i,CY33005,3,4.4,9BMXV04.4N63,Car,400,8,4.4-N63-F01,SA,Semi-Automatic,6,Y,R,"2-Wheel Drive, Rear",2,Top gear ration < 1,4750,3.46,29.9,1,Not eqipped,9BMX10001559,No,31,Federal fuel 3-day exhaust,61,Tier 2 Cert Gasoline,FTP,0.0143,0.2165,487.82,0.017,,18.2,MPG,,,,,43.6,0.255,0.01849,19,-0.062,0.02071,TWC,Three-way catalyst,N,,,N,No averaging
2009,BMW,BMX,BMW,750i,CY33005,3,4.4,9BMXV04.4N63,Car,400,8,4.4-N63-F01,SA,Semi-Automatic,6,Y,R,"2-Wheel Drive, Rear",2,Top gear ration < 1,4750,3.46,29.9,1,Not eqipped,9BMX10001560,No,3,HWFE,61,Tier 2 Cert Gasoline,HWY,0.00607,0.1132,292.16,0.0103,,30.4,MPG,,,,,43.6,0.255,0.01849,19,-0.062,0.02071,TWC,Three-way catalyst,N,,,N,No averaging
2009,BMW,BMX,BMW,Z4 sDrive30i,E160501,0,3,9BMXJ03.0E89,Both,255,6,3.0-M-N52-E89D,SA,Semi-Automatic,6,Y,R,"2-Wheel Drive, Rear",2,Top gear ration < 1,3625,3.64,34.8,1,Not eqipped,9BMX10001276,No,31,Federal fuel 3-day exhaust,61,Tier 2 Cert Gasoline,FTP,0.01263,0.0722,363.09,0.022,,24.5,MPG,,,,,38.2,0.092,0.01835,11.6,0.067,0.01699,TWC,Three-way catalyst,N,,,N,No averaging
2009,BMW,BMX,BMW,Z4 sDrive30i,E160501,0,3,9BMXJ03.0E89,Both,255,6,3.0-M-N52-E89D,SA,Semi-Automatic,6,Y,R,"2-Wheel Drive, Rear",2,Top gear ration < 1,3625,3.64,34.8,1,Not eqipped,9BMX10001277,No,3,HWFE,61,Tier 2 Cert Gasoline,HWY,0.00032,0.0189,222.48,0.004,,40.1,MPG,,,,,38.2,0.092,0.01835,11.6,0.067,0.01699,TWC,Three-way catalyst,N,,,N,No averaging
2009,BMW,BMX,BMW,Z4 sDrive30i,E161500,0,3,9BMXJ03.0E89,Both,255,6,3.0-M-N52-E89D,M,Manual,6,N,R,"2-Wheel Drive, Rear",2,Top gear ration < 1,3500,4.27,41.5,1,Not eqipped,9BMX10000786,No,31,Federal fuel 3-day exhaust,61,Tier 2 Cert Gasoline,FTP,0.01101,0.0447,353.74,0.0228,,25,MPG,,,,,35.4,0.186,0.01685,6.6,0.146,0.01672,TWC,Three-way catalyst,N,,,N,No averaging
2009,BMW,BMX,BMW,Z4 sDrive30i,E161500,0,3,9BMXJ03.0E89,Both,255,6,3.0-M-N52-E89D,M,Manual,6,N,R,"2-Wheel Drive, Rear",2,Top gear ration < 1,3500,4.27,41.5,1,Not eqipped,9BMX10000788,No,3,HWFE,61,Tier 2 Cert Gasoline,HWY,0.00036,0,223.75,0.0033,,39.5,MPG,,,,,35.4,0.186,0.01685,6.6,0.146,0.01672,TWC,Three-way catalyst,N,,,N,No averaging
2009,BMW,BMX,BMW,Z4 sDrive35i,E164506,0,3,9BMXV03.054R,Car,300,6,3.0-D-N54-E89R,M,Manual,6,N,R,"2-Wheel Drive, Rear",2,Top gear ration < 1,3750,3.08,37.1,1,Not eqipped,9BMX91000074,No,3,HWFE,61,Tier 2 Cert Gasoline,HWY,0.0129582,0.0856421,252.2494495,0.0066046,,35.3,MPG,,,,,38.1,0.191,0.01727,12.8,-0.044,0.01912,TWC,Three-way catalyst,N,,,N,No averaging
2009,BMW,BMX,BMW,Z4 sDrive35i,E164506,0,3,9BMXV03.054R,Car,300,6,3.0-D-N54-E89R,M,Manual,6,N,R,"2-Wheel Drive, Rear",2,Top gear ration < 1,3750,3.08,37.1,1,Not eqipped,9BMX91000086,No,21,Federal fuel 2-day exhaust (w/can load),61,Tier 2 Cert Gasoline,FTP,0.0553166,0.3041155,389.8246104,0.029392,,22.8,MPG,,,,,38.1,0.191,0.01727,12.8,-0.044,0.01912,TWC,Three-way catalyst,N,,,N,No averaging
2009,BMW,BMX,BMW,Z4 sDrive35i,E164506,0,3,9BMXV03.054R,Car,300,6,3.0-D-N54-E89R,M,Manual,6,N,R,"2-Wheel Drive, Rear",2,Top gear ration < 1,3750,3.08,37.1,1,Not eqipped,9BMX91000087,No,3,HWFE,61,Tier 2 Cert Gasoline,HWY,0.0038927,0.0436498,247.3078641,0.0069285,,36,MPG,,,,,38.1,0.191,0.01727,12.8,-0.044,0.01912,TWC,Three-way catalyst,N,,,N,No averaging
2009,BMW,BMX,BMW,Z4 sDrive35i,E164506,0,3,9BMXV03.054R,Car,300,6,3.0-D-N54-E89R,M,Manual,6,N,R,"2-Wheel Drive, Rear",2,Top gear ration < 1,3750,3.08,37.1,1,Not eqipped,9BMX91000092,No,21,Federal fuel 2-day exhaust (w/can load),61,Tier 2 Cert Gasoline,FTP,0.0649944,0.3714823,394.1463555,0.024879,,22.5,MPG,22.3885174,21.0686603,25.9981083,,38.1,0.191,0.01727,12.8,-0.044,0.01912,TWC,Three-way catalyst,N,,,N,No averaging
2009,BMW,BMX,BMW,Z4 sDrive35i,E164507,0,3,9BMXV03.054R,Car,300,6,3.0-D-N54-E89R,SA,Semi-Automatic,7,Y,R,"2-Wheel Drive, Rear",2,Top gear ration < 1,3750,2.56,35.4,1,Not eqipped,9BMX10000385,No,31,Federal fuel 3-day exhaust,61,Tier 2 Cert Gasoline,FTP,0.05209,1.1145,365.45,0.0267,,24.1,MPG,,,,,34.5,0.48,0.01444,14.8,0.022,0.01821,TWC,Three-way catalyst,N,,,N,No averaging
2009,BMW,BMX,BMW,Z4 sDrive35i,E164507,0,3,9BMXV03.054R,Car,300,6,3.0-D-N54-E89R,SA,Semi-Automatic,7,Y,R,"2-Wheel Drive, Rear",2,Top gear ration < 1,3750,2.56,35.4,1,Not eqipped,9BMX10000392,No,3,HWFE,61,Tier 2 Cert Gasoline,HWY,0.00211,0.3721,243.99,0.0039,,36.2,MPG,,,,,34.5,0.48,0.01444,14.8,0.022,0.01821,TWC,Three-way catalyst,N,,,N,No averaging
2009,BMW,BMX,BMW,Z4 sDrive35i,E164507,1,3,9BMXV03.054R,Car,300,6,3.0-D-N54-E89R,SA,Semi-Automatic,7,Y,R,"2-Wheel Drive, Rear",2,Top gear ration < 1,3750,2.56,35.4,1,Not eqipped,9BMX10000386,No,31,Federal fuel 3-day exhaust,61,Tier 2 Cert Gasoline,FTP,0.04543,1.5756,458.14,0.0313,,19.2,MPG,,,,,34.5,0.48,0.01444,14.8,0.022,0.01821,TWC,Three-way catalyst,N,,,N,No averaging
2009,BMW,BMX,BMW,Z4 sDrive35i,E164507,1,3,9BMXV03.054R,Car,300,6,3.0-D-N54-E89R,SA,Semi-Automatic,7,Y,R,"2-Wheel Drive, Rear",2,Top gear ration < 1,3750,2.56,35.4,1,Not eqipped,9BMX10000393,No,3,HWFE,61,Tier 2 Cert Gasoline,HWY,0.04521,0.9354,279.9,0.0047,,31.4,MPG,,,,,34.5,0.48,0.01444,14.8,0.022,0.01821,TWC,Three-way catalyst,N,,,N,No averaging
2009,BMW,BMX,Mini,Mini Cooper,TL67000,1,1.6,9BMXV01.6ULR,Car,120,4,1.6-M-N12-R55,M,Manual,6,N,F,"2-Wheel Drive, Front",2,Top gear ration < 1,3000,4.35,43,1,Not eqipped,9BMX10000243,Yes,31,Federal fuel 3-day exhaust,61,Tier 2 Cert Gasoline,FTP,0.01605,0.0486,240.48,0.0093,,37,MPG,,,,,27.6,0.117,0.01793,10.4,-0.183,0.02061,TWC,Three-way catalyst,N,,,N,No averaging
2009,BMW,BMX,Mini,Mini Cooper,TL67000,1,1.6,9BMXV01.6ULR,Car,120,4,1.6-M-N12-R55,M,Manual,6,N,F,"2-Wheel Drive, Front",2,Top gear ration < 1,3000,4.35,43,1,Not eqipped,9BMX10000244,Yes,3,HWFE,61,Tier 2 Cert Gasoline,HWY,0.00107,0.217,170.91,0.0007,,51.9,MPG,,,,,27.6,0.117,0.01793,10.4,-0.183,0.02061,TWC,Three-way catalyst,N,,,N,No averaging
2009,BMW,BMX,Mini,Mini Cooper,TL77004,0,1.6,9BMXV01.6ULR,Car,120,4,1.6-A-N12-R55,A,Automatic,6,Y,F,"2-Wheel Drive, Front",2,Top gear ration < 1,3125,4.1,40.9,1,Not eqipped,9BMX10000317,No,21,Federal fuel 2-day exhaust (w/can load),61,Tier 2 Cert Gasoline,FTP,0.01677,0.0415,277.35,0.0066,,32.1,MPG,,,,,36.6,-0.005,0.01884,16.2,-0.432,0.02281,TWC,Three-way catalyst,N,,,N,No averaging
2009,BMW,BMX,Mini,Mini Cooper,TL77004,0,1.6,9BMXV01.6ULR,Car,120,4,1.6-A-N12-R55,A,Automatic,6,Y,F,"2-Wheel Drive, Front",2,Top gear ration < 1,3125,4.1,40.9,1,Not eqipped,9BMX10000318,No,3,HWFE,61,Tier 2 Cert Gasoline,HWY,0.00059,0.0244,185.67,0.001,,47.8,MPG,,,,,36.6,-0.005,0.01884,16.2,-0.432,0.02281,TWC,Three-way catalyst,N,,,N,No averaging
2009,BMW,BMX,Mini,Mini Cooper,TL77004,1,1.6,9BMXV01.6ULR,Car,120,4,1.6-A-N12-R56,A,Automatic,6,Y,F,"2-Wheel Drive, Front",2,Top gear ration < 1,3000,4.1,40.9,1,Not eqipped,9BMX10000319,Yes,31,Federal fuel 3-day exhaust,61,Tier 2 Cert Gasoline,FTP,0.02009,0.0365,268.37,0.0089,,33.1,MPG,,,,,35.5,-0.005,0.01858,11.9,-0.292,0.02131,TWC,Three-way catalyst,N,,,N,No averaging
2009,BMW,BMX,Mini,Mini Cooper,TL77004,1,1.6,9BMXV01.6ULR,Car,120,4,1.6-A-N12-R56,A,Automatic,6,Y,F,"2-Wheel Drive, Front",2,Top gear ration < 1,3000,4.1,40.9,1,Not eqipped,9BMX10000320,Yes,3,HWFE,61,Tier 2 Cert Gasoline,HWY,0.00114,0.0231,182.09,0.0009,,48.8,MPG,,,,,35.5,-0.005,0.01858,11.9,-0.292,0.02131,TWC,Three-way catalyst,N,,,N,No averaging
2009,BMW,BMX,Mini,Mini Cooper,TN66021,1,1.6,9BMXV01.6ULR,Car,120,4,1.6-A-N12-R56,A,Automatic,6,Y,F,"2-Wheel Drive, Front",2,Top gear ration < 1,3000,4.1,39,1,Not eqipped,9BMX91000228,No,3,HWFE,61,Tier 2 Cert Gasoline,HWY,0.0039425,0.0622689,194.0808537,0.0006201,,45.8,MPG,,,,,40.8,-0.005,0.018,12.9,-0.092,0.01878,TWC,Three-way catalyst,N,,,N,No averaging
2009,BMW,BMX,Mini,Mini Cooper,TN66021,1,1.6,9BMXV01.6ULR,Car,120,4,1.6-A-N12-R56,A,Automatic,6,Y,F,"2-Wheel Drive, Front",2,Top gear ration < 1,3000,4.1,39,1,Not eqipped,9BMX91000238,No,21,Federal fuel 2-day exhaust (w/can load),61,Tier 2 Cert Gasoline,FTP,0.0245311,0.1005491,287.7886846,0.0087975,,30.8,MPG,29.8879185,29.998672,33.4584367,,40.8,-0.005,0.018,12.9,-0.092,0.01878,TWC,Three-way catalyst,N,,,N,No averaging
2009,BMW,BMX,Mini,Mini Cooper,TN66021,1,1.6,9BMXV01.6ULR,Car,120,4,1.6-A-N12-R56,A,Automatic,6,Y,F,"2-Wheel Drive, Front",2,Top gear ration < 1,3000,4.1,39,1,Not eqipped,9BMX91000254,No,21,Federal fuel 2-day exhaust (w/can load),61,Tier 2 Cert Gasoline,FTP,0.025438,0.114417,288.8783124,0.0130322,,30.7,MPG,29.55763,29.8885551,33.5358278,,40.8,-0.005,0.018,12.9,-0.092,0.01878,TWC,Three-way catalyst,N,,,N,No averaging
2009,BMW,BMX,Mini,Mini Cooper,TT64230,1,1.6,9BMXV01.6ULR,Car,120,4,1.6-A-N12-R57,A,Automatic,6,Y,F,"2-Wheel Drive, Front",2,Top gear ration < 1,3125,4.1,39.7,1,Not eqipped,9BMX10000311,Yes,31,Federal fuel 3-day exhaust,61,Tier 2 Cert Gasoline,FTP,0.02621,0.1242,271.07,0.0117,,32.6,MPG,,,,,36.7,-0.004,0.0192,16.8,-0.154,0.02005,TWC,Three-way catalyst,N,,,N,No averaging
2009,BMW,BMX,Mini,Mini Cooper,TT64230,1,1.6,9BMXV01.6ULR,Car,120,4,1.6-A-N12-R57,A,Automatic,6,Y,F,"2-Wheel Drive, Front",2,Top gear ration < 1,3125,4.1,39.7,1,Not eqipped,9BMX10000312,Yes,3,HWFE,61,Tier 2 Cert Gasoline,HWY,0.00661,0.0612,190.92,0.0018,,46.3,MPG,,,,,36.7,-0.004,0.0192,16.8,-0.154,0.02005,TWC,Three-way catalyst,N,,,N,No averaging
2009,BMW,BMX,Mini,Mini Cooper,TT64230,3,1.6,9BMXV01.6ULR,Car,120,4,1.6-A-N12-R55,A,Automatic,6,Y,F,"2-Wheel Drive, Front",2,Top gear ration < 1,3125,4.1,39,1,Not eqipped,9BMX10000315,Yes,31,Federal fuel 3-day exhaust,61,Tier 2 Cert Gasoline,FTP,0.02108,0.0893,277.07,0.0167,,31.9,MPG,,,,,42.6,-0.005,0.01828,20.4,-0.234,0.02008,TWC,Three-way catalyst,N,,,N,No averaging
2009,BMW,BMX,Mini,Mini Cooper,TT64230,3,1.6,9BMXV01.6ULR,Car,120,4,1.6-A-N12-R55,A,Automatic,6,Y,F,"2-Wheel Drive, Front",2,Top gear ration < 1,3125,4.1,39,1,Not eqipped,9BMX10000316,Yes,3,HWFE,61,Tier 2 Cert Gasoline,HWY,0.00918,0.0577,191.48,0.0024,,46.3,MPG,,,,,42.6,-0.005,0.01828,20.4,-0.234,0.02008,TWC,Three-way catalyst,N,,,N,No averaging
2009,BMW,BMX,Mini,Mini Cooper,TU66772,0,1.6,9BMXV01.6ULR,Car,120,4,1.6-M-N12-R57,M,Manual,6,N,F,"2-Wheel Drive, Front",2,Top gear ration < 1,3000,4.35,26.7,1,Not eqipped,9BMX10000051,Yes,31,Federal fuel 3-day exhaust,61,Tier 2 Cert Gasoline,FTP,0.03079,0.153,243.38,0.0188,,36.6,MPG,,,,,28,0.113,0.01834,11.8,-0.101,0.0195,TWC,Three-way catalyst,N,,,N,No averaging
2009,BMW,BMX,Mini,Mini Cooper,TU66772,0,1.6,9BMXV01.6ULR,Car,120,4,1.6-M-N12-R57,M,Manual,6,N,F,"2-Wheel Drive, Front",2,Top gear ration < 1,3000,4.35,26.7,1,Not eqipped,9BMX10000245,Yes,3,HWFE,61,Tier 2 Cert Gasoline,HWY,0.00519,0.0925,173.04,0.0028,,51.4,MPG,,,,,28,0.113,0.01834,11.8,-0.101,0.0195,TWC,Three-way catalyst,N,,,N,No averaging
2009,BMW,BMX,Mini,Mini Cooper Convertible,TN66021,0,1.6,9BMXV01.6ULR,Car,120,4,1.6-A-N12-R57,A,Automatic,6,Y,F,"2-Wheel Drive, Front",2,Top gear ration < 1,3125,4.1,39,1,Not eqipped,9BMX10003873,Yes,31,Federal fuel 3-day exhaust,61,Tier 2 Cert Gasoline,FTP,0.02097,0.118,283.05,0.01,,31.4,MPG,,,,,42.6,-0.005,0.01909,15.6,-0.099,0.01958,TWC,Three-way catalyst,N,,,N,No averaging
2009,BMW,BMX,Mini,Mini Cooper Convertible,TN66021,0,1.6,9BMXV01.6ULR,Car,120,4,1.6-A-N12-R57,A,Automatic,6,Y,F,"2-Wheel Drive, Front",2,Top gear ration < 1,3125,4.1,39,1,Not eqipped,9BMX10003892,No,3,HWFE,61,Tier 2 Cert Gasoline,HWY,0.00099,0.0298,197.46,0.0012,,45.1,MPG,,,,,42.6,-0.005,0.01909,15.6,-0.099,0.01958,TWC,Three-way catalyst,N,,,N,No averaging
2009,BMW,BMX,Mini,Mini Cooper S,TL83004,0,1.6,9BMXV01.6LER,Car,175,4,1.6-M-N14-R55,M,Manual,6,N,F,"2-Wheel Drive, Front",2,Top gear ration < 1,3125,3.65,42.5,1,Not eqipped,9BMX10000112,Yes,31,Federal fuel 3-day exhaust,61,Tier 2 Cert Gasoline,FTP,0.01381,0.1462,263.67,0.0076,,33.6,MPG,,,,,27.2,0.149,0.01852,8.3,-0.18,0.02178,TWC,Three-way catalyst,N,,,N,No averaging
2009,BMW,BMX,Mini,Mini Cooper S,TL83004,0,1.6,9BMXV01.6LER,Car,175,4,1.6-M-N14-R55,M,Manual,6,N,F,"2-Wheel Drive, Front",2,Top gear ration < 1,3125,3.65,42.5,1,Not eqipped,9BMX10000113,Yes,3,HWFE,61,Tier 2 Cert Gasoline,HWY,0.00653,0.1465,183.02,0.0025,,48.4,MPG,,,,,27.2,0.149,0.01852,8.3,-0.18,0.02178,TWC,Three-way catalyst,N,,,N,No averaging
2009,BMW,BMX,Mini,Mini Cooper S,TL83004,1,1.6,9BMXV01.6LER,Car,175,4,1.6-M-N14-R56,M,Manual,6,N,F,"2-Wheel Drive, Front",2,Top gear ration < 1,3000,3.65,42.5,1,Not eqipped,9BMX10000114,Yes,31,Federal fuel 3-day exhaust,61,Tier 2 Cert Gasoline,FTP,0.01573,0.2558,262.39,0.0086,,33.8,MPG,,,,,25.7,0.149,0.01957,6.7,-0.171,0.02277,TWC,Three-way catalyst,N,,,N,No averaging
2009,BMW,BMX,Mini,Mini Cooper S,TL83004,1,1.6,9BMXV01.6LER,Car,175,4,1.6-M-N14-R56,M,Manual,6,N,F,"2-Wheel Drive, Front",2,Top gear ration < 1,3000,3.65,42.5,1,Not eqipped,9BMX10000115,Yes,3,HWFE,61,Tier 2 Cert Gasoline,HWY,0.00273,0.1316,181.64,0.0019,,48.7,MPG,,,,,25.7,0.149,0.01957,6.7,-0.171,0.02277,TWC,Three-way catalyst,N,,,N,No averaging
2009,BMW,BMX,Mini,Mini Cooper S,TL88008,0,1.6,9BMXV01.6LER,Car,175,4,1.6-A-N14-R55,A,Automatic,6,Y,F,"2-Wheel Drive, Front",2,Top gear ration < 1,3250,3.68,35,1,Not eqipped,9BMX10000092,Yes,31,Federal fuel 3-day exhaust,61,Tier 2 Cert Gasoline,FTP,0.01551,0.2161,309.12,0.014,,28.7,MPG,,,,,35.5,0.005,0.01968,10,0.05,0.01863,TWC,Three-way catalyst,N,,,N,No averaging
2009,BMW,BMX,Mini,Mini Cooper S,TL88008,0,1.6,9BMXV01.6LER,Car,175,4,1.6-A-N14-R55,A,Automatic,6,Y,F,"2-Wheel Drive, Front",2,Top gear ration < 1,3250,3.68,35,1,Not eqipped,9BMX10000093,Yes,3,HWFE,61,Tier 2 Cert Gasoline,HWY,0.01957,0.3389,200.18,0.0031,,44.2,MPG,,,,,35.5,0.005,0.01968,10,0.05,0.01863,TWC,Three-way catalyst,N,,,N,No averaging
2009,BMW,BMX,Mini,Mini Cooper S,TL88008,1,1.6,9BMXV01.6LER,Car,175,4,1.6-A-N14-R56,A,Automatic,6,Y,F,"2-Wheel Drive, Front",2,Top gear ration < 1,3000,3.68,35,1,Not eqipped,9BMX10000094,Yes,31,Federal fuel 3-day exhaust,61,Tier 2 Cert Gasoline,FTP,0.01652,0.2141,292.66,0.0126,,30.2,MPG,,,,,34.3,0.005,0.02073,7,0.006,0.02056,TWC,Three-way catalyst,N,,,N,No averaging
2009,BMW,BMX,Mini,Mini Cooper S,TL88008,1,1.6,9BMXV01.6LER,Car,175,4,1.6-A-N14-R56,A,Automatic,6,Y,F,"2-Wheel Drive, Front",2,Top gear ration < 1,3000,3.68,35,1,Not eqipped,9BMX10000095,Yes,3,HWFE,61,Tier 2 Cert Gasoline,HWY,0.02123,0.3878,197.64,0.0027,,44.7,MPG,,,,,34.3,0.005,0.02073,7,0.006,0.02056,TWC,Three-way catalyst,N,,,N,No averaging
2009,BMW,BMX,Mini,Mini Cooper S,TT90932,0,1.6,9BMXV01.6LER,Car,175,4,1.6-M-N14-R57,M,Manual,6,N,F,"2-Wheel Drive, Front",2,Top gear ration < 1,3125,3.65,42.5,1,Not eqipped,9BMX10000204,Yes,31,Federal fuel 3-day exhaust,61,Tier 2 Cert Gasoline,FTP,0.01188,0.1692,263.16,0.0107,,33.8,MPG,,,,,28.5,0.113,0.01923,10.3,-0.253,0.02231,TWC,Three-way catalyst,N,,,N,No averaging
2009,BMW,BMX,Mini,Mini Cooper S,TT90932,0,1.6,9BMXV01.6LER,Car,175,4,1.6-M-N14-R57,M,Manual,6,N,F,"2-Wheel Drive, Front",2,Top gear ration < 1,3125,3.65,42.5,1,Not eqipped,9BMX10000205,Yes,3,HWFE,61,Tier 2 Cert Gasoline,HWY,0.01761,0.4037,178.17,0.0017,,49.8,MPG,,,,,28.5,0.113,0.01923,10.3,-0.253,0.02231,TWC,Three-way catalyst,N,,,N,No averaging
2009,BMW,BMX,Mini,Mini Cooper S,TT90932,1,1.6,9BMXV01.6LER,Car,175,4,1.6-M-N14-R57,M,Manual,6,N,F,"2-Wheel Drive, Front",2,Top gear ration < 1,3125,3.65,42.7,1,Not eqipped,9BMX10000208,Yes,31,Federal fuel 3-day exhaust,61,Tier 2 Cert Gasoline,FTP,0.01032,0.2253,266.84,0.0098,,33.3,MPG,,,,,34.7,0.143,0.01885,18.3,-0.226,0.02147,TWC,Three-way catalyst,N,,,N,No averaging
2009,BMW,BMX,Mini,Mini Cooper S,TT90932,1,1.6,9BMXV01.6LER,Car,175,4,1.6-M-N14-R57,M,Manual,6,N,F,"2-Wheel Drive, Front",2,Top gear ration < 1,3125,3.65,42.7,1,Not eqipped,9BMX10000209,Yes,3,HWFE,61,Tier 2 Cert Gasoline,HWY,0.0082,0.1953,194.67,0.0026,,45.5,MPG,,,,,34.7,0.143,0.01885,18.3,-0.226,0.02147,TWC,Three-way catalyst,N,,,N,No averaging
2009,BMW,BMX,Mini,Mini Cooper S,TT90932,2,1.6,9BMXV01.6LER,Car,175,4,1.6-M-N14-R56,M,Manual,6,N,F,"2-Wheel Drive, Front",2,Top gear ration < 1,3000,3.65,42.7,1,Not eqipped,9BMX10000210,Yes,31,Federal fuel 3-day exhaust,61,Tier 2 Cert Gasoline,FTP,0.01464,0.3122,263.08,0.0062,,33.8,MPG,,,,,32.6,0.143,0.01906,15.6,-0.107,0.02058,TWC,Three-way catalyst,N,,,N,No averaging
2009,BMW,BMX,Mini,Mini Cooper S,TT90932,2,1.6,9BMXV01.6LER,Car,175,4,1.6-M-N14-R56,M,Manual,6,N,F,"2-Wheel Drive, Front",2,Top gear ration < 1,3000,3.65,42.7,1,Not eqipped,9BMX10000211,Yes,3,HWFE,61,Tier 2 Cert Gasoline,HWY,0.0045,0.1949,195.15,0.0019,,45.6,MPG,,,,,32.6,0.143,0.01906,15.6,-0.107,0.02058,TWC,Three-way catalyst,N,,,N,No averaging
2009,BMW,BMX,Mini,Mini Cooper S,TT90932,3,1.6,9BMXV01.6LER,Car,175,4,1.6-M-N14-R55,M,Manual,6,N,F,"2-Wheel Drive, Front",2,Top gear ration < 1,3125,3.65,42.7,1,Not eqipped,9BMX10000212,Yes,31,Federal fuel 3-day exhaust,61,Tier 2 Cert Gasoline,FTP,0.01254,0.2614,264.83,0.009,,33.5,MPG,,,,,34.5,0.143,0.01809,17.3,-0.104,0.0195,TWC,Three-way catalyst,N,,,N,No averaging
2009,BMW,BMX,Mini,Mini Cooper S,TT90932,3,1.6,9BMXV01.6LER,Car,175,4,1.6-M-N14-R55,M,Manual,6,N,F,"2-Wheel Drive, Front",2,Top gear ration < 1,3125,3.65,42.7,1,Not eqipped,9BMX10000213,Yes,3,HWFE,61,Tier 2 Cert Gasoline,HWY,0.00426,0.1432,193.42,0.0019,,46,MPG,,,,,34.5,0.143,0.01809,17.3,-0.104,0.0195,TWC,Three-way catalyst,N,,,N,No averaging
2009,BMW,BMX,Mini,Mini Cooper S,TV36444,1,1.6,9BMXV01.6LER,Car,175,4,1.6-A-N14-R57,A,Automatic,6,Y,F,"2-Wheel Drive, Front",2,Top gear ration < 1,3250,3.68,21.7,1,Not eqipped,9BMX10000182,Yes,31,Federal fuel 3-day exhaust,61,Tier 2 Cert Gasoline,FTP,0.01405,0.2187,286.99,0.0105,,31,MPG,,,,,37.1,-0.004,0.0201,11.8,-0.169,0.02128,TWC,Three-way catalyst,N,,,N,No averaging
2009,BMW,BMX,Mini,Mini Cooper S,TV36444,1,1.6,9BMXV01.6LER,Car,175,4,1.6-A-N14-R57,A,Automatic,6,Y,F,"2-Wheel Drive, Front",2,Top gear ration < 1,3250,3.68,21.7,1,Not eqipped,9BMX10000183,Yes,3,HWFE,23,CARB Phase II Gasoline,HWY,0.03435,0.7389,197.85,0.0022,,44.6,MPG,,,,,37.1,-0.004,0.0201,11.8,-0.169,0.02128,TWC,Three-way catalyst,N,,,N,No averaging
2009,Chrysler Group LLC,CRX,Chrysler,ASPEN HYBRID 4WD,N9HG59424,0,5.7,9CRXT05.71PH,Truck,350,8,AA-300,CVT,Continuously Variable,1,Y,4,4-Wheel Drive,2,Top gear ration < 1,6000,3.21,27.2,1,Not eqipped,9CRX10000538,No,3,HWFE,61,Tier 2 Cert Gasoline,HWY,0.0041643,0.1847816,295.496316,,,30.1,MPG,,,,,43.06,0.3478,0.03004,15.17,0.2468,0.02854,TWC,Three-way catalyst,N,,,N,No averaging
2009,Chrysler Group LLC,CRX,Chrysler,ASPEN HYBRID 4WD,N9HG59424,0,5.7,9CRXT05.71PH,Truck,350,8,AA-300,CVT,Continuously Variable,1,Y,4,4-Wheel Drive,2,Top gear ration < 1,6000,3.21,27.2,1,Not eqipped,9CRX10000539,No,21,Federal fuel 2-day exhaust (w/can load),61,Tier 2 Cert Gasoline,FTP,0.05052,0.54063,358.156,0.01885,,24.8,MPG,,,,,43.06,0.3478,0.03004,15.17,0.2468,0.02854,TWC,Three-way catalyst,N,,,N,No averaging
2009,Chrysler Group LLC,CRX,Dodge,Challenger,L9LXF5084,3,3.5,9CRXV03.5TN0,Car,250,6,FA-500,A,Automatic,5,Y,R,"2-Wheel Drive, Rear",2,Top gear ration < 1,4000,2.87,28.9,1,Not eqipped,9CRX10002967,Yes,21,Federal fuel 2-day exhaust (w/can load),61,Tier 2 Cert Gasoline,FTP,,,,,,22.1,MPG,,,,,27.97,0.9215,0.01196,27.97,0.9215,0.01196,TWC,Three-way catalyst,N,,,N,No averaging
2009,Chrysler Group LLC,CRX,Dodge,Challenger,L9LXF5084,3,3.5,9CRXV03.5TN0,Car,250,6,FA-500,A,Automatic,5,Y,R,"2-Wheel Drive, Rear",2,Top gear ration < 1,4000,2.87,28.9,1,Not eqipped,9CRX10002968,Yes,3,HWFE,61,Tier 2 Cert Gasoline,HWY,,,,,,34.7,MPG,,,,,27.97,0.9215,0.01196,27.97,0.9215,0.01196,TWC,Three-way catalyst,N,,,N,No averaging
2009,Chrysler Group LLC,CRX,Jeep,Patriot,V9PMD0821,0,2,9CRXV01.81P0,Car,165,4,AA-400,M,Manual,4,N,F,"2-Wheel Drive, Front",2,Top gear ration < 1,3375,2.97,37.5,1,Not eqipped,9CRX10003512,No,21,Federal fuel 2-day exhaust (w/can load),61,Tier 2 Cert Gasoline,FTP,0.032865,0.827515,301.31835,0.008578,,29.3,MPG,,,,,26.78,0.341,0.02484,12.6,0.1344,0.02543,TWC,Three-way catalyst,N,,,N,No averaging
2009,Chrysler Group LLC,CRX,Jeep,Patriot,V9PMD0821,0,2,9CRXV01.81P0,Car,165,4,AA-400,M,Manual,4,N,F,"2-Wheel Drive, Front",2,Top gear ration < 1,3375,2.97,37.5,1,Not eqipped,9CRX10003513,No,3,HWFE,61,Tier 2 Cert Gasoline,HWY,0.004904,0.297297,219.104,0.007692,,40.4,MPG,,,,,26.78,0.341,0.02484,12.6,0.1344,0.02543,TWC,Three-way catalyst,N,,,N,No averaging
2009,Chrysler Group LLC,CRX,Jeep,Patriot,V9PMD0821,0,2,9CRXV01.81P0,Car,165,4,AA-400,M,Manual,4,N,F,"2-Wheel Drive, Front",2,Top gear ration < 1,3375,2.97,37.5,1,Not eqipped,9CRX10003514,No,21,Federal fuel 2-day exhaust (w/can load),61,Tier 2 Cert Gasoline,FTP,0.042274,0.757193,298.45103,0.005773,,29.6,MPG,,,,,26.78,0.341,0.02484,12.6,0.1344,0.02543,TWC,Three-way catalyst,N,,,N,No averaging
2009,Chrysler Group LLC,CRX,Jeep,Patriot,V9PMD0821,0,2,9CRXV01.81P0,Car,165,4,AA-400,M,Manual,4,N,F,"2-Wheel Drive, Front",2,Top gear ration < 1,3375,2.97,37.5,1,Not eqipped,9CRX10003515,No,3,HWFE,61,Tier 2 Cert Gasoline,HWY,0.002749,0.221355,221.088,0.007945,,40.1,MPG,,,,,26.78,0.341,0.02484,12.6,0.1344,0.02543,TWC,Three-way catalyst,N,,,N,No averaging
2009,CSC,CSC,Super car Maker,Cool Car,CSC323MAHCAR,0,0.003,8CSCB03.7ABC,Both,300,,superengine1,A,Automatic,5,Y,F,"2-Wheel Drive, Front",1,No gear ratio < 1,13500,5.5,99,1,Not eqipped,8CSC10000002,No,11,Cold CO,6,EPA Unleaded Gasoline,FTP,1.056,37,0.9564,0.55,,,MPG,,,,,-99.9,9.9,9,-77.8,5.5,9,,,N,,,N,No averaging
2009,Ferrari,FEX,Ferrari,California,ZFFLG65B000156049,0,4.3,9FEXV04.3GDI,Car,453,8,F136 IB,A,Automatic,7,N,R,"2-Wheel Drive, Rear",2,Top gear ration < 1,4250,4.44,39.2,5,"Equipped, shifted by survey schedule",9FEX10002383,No,21,Federal fuel 2-day exhaust (w/can load),61,Tier 2 Cert Gasoline,FTP,0.03,1.069,576.733,0.006,,15.3,MPG,,,,,46.03,0.115,0.017,6.892,-0.013,0.018,TWC,Three-way catalyst,N,,,N,No averaging
2009,Ferrari,FEX,Ferrari,California,ZFFLG65B000156049,0,4.3,9FEXV04.3GDI,Car,453,8,F136 IB,A,Automatic,7,N,R,"2-Wheel Drive, Rear",2,Top gear ration < 1,4250,4.44,39.2,5,"Equipped, shifted by survey schedule",9FEX10002384,No,3,HWFE,61,Tier 2 Cert Gasoline,HWY,0.001,0.607,340.934,0.01,,25.9,MPG,,,,,46.03,0.115,0.017,6.892,-0.013,0.018,TWC,Three-way catalyst,N,,,N,No averaging
2009,Ferrari,FEX,Ferrari,California,ZFFLG65B000156049,0,4.3,9FEXV04.3GDI,Car,453,8,F136 IB,A,Automatic,7,N,R,"2-Wheel Drive, Rear",2,Top gear ration < 1,4250,4.44,39.2,5,"Equipped, shifted by survey schedule",9FEX91000109,No,3,HWFE,61,Tier 2 Cert Gasoline,HWY,0.0121436,0.5324296,336.8435768,0.0078861,,26.3,MPG,,,,,46.03,0.115,0.017,6.892,-0.013,0.018,TWC,Three-way catalyst,N,,,N,No averaging
2009,Ferrari,FEX,Ferrari,California,ZFFLG65B000156049,0,4.3,9FEXV04.3GDI,Car,453,8,F136 IB,A,Automatic,7,N,R,"2-Wheel Drive, Rear",2,Top gear ration < 1,4250,4.44,39.2,5,"Equipped, shifted by survey schedule",9FEX91000115,No,21,Federal fuel 2-day exhaust (w/can load),61,Tier 2 Cert Gasoline,FTP,0.042677,0.8006078,564.1775493,0.0104539,,15.7,MPG,16.1794535,14.3924185,18.5784648,,46.03,0.115,0.017,6.892,-0.013,0.018,TWC,Three-way catalyst,N,,,N,No averaging
2009,Fiat,FTG,Alfa Romeo,8C Spider,ZARJA281090047440,0,4.7,9FTGV04.7LEV,Car,444,8,AR8C,A,Automatic,6,N,R,"2-Wheel Drive, Rear",2,Top gear ration < 1,4250,4.18,40.9,2,"Equipped, not shifted by SIL",9FTG10004675,Yes,21,Federal fuel 2-day exhaust (w/can load),61,Tier 2 Cert Gasoline,FTP,0.023,0.769,620.977,0.012,,14.2,MPG,,,,,54.532,0.4144,0.0216,31.473,0.0326,0.024,TWC,Three-way catalyst,N,,,N,No averaging
2009,Fiat,FTG,Alfa Romeo,8C Spider,ZARJA281090047440,0,4.7,9FTGV04.7LEV,Car,444,8,AR8C,A,Automatic,6,N,R,"2-Wheel Drive, Rear",2,Top gear ration < 1,4250,4.18,40.9,2,"Equipped, not shifted by SIL",9FTG10004686,Yes,3,HWFE,61,Tier 2 Cert Gasoline,HWY,0.003,0.312,392.271,0.008,,22.5,MPG,,,,,54.532,0.4144,0.0216,31.473,0.0326,0.024,TWC,Three-way catalyst,N,,,N,No averaging
2009,Fiat,FTG,Alfa Romeo,8C Spider,ZARJA281090047440,1,4.7,9FTGV04.7LEV,Car,444,8,AR8C,A,Automatic,6,N,R,"2-Wheel Drive, Rear",2,Top gear ration < 1,4250,4.18,40.9,2,"Equipped, not shifted by SIL",9FTG10004683,Yes,21,Federal fuel 2-day exhaust (w/can load),61,Tier 2 Cert Gasoline,FTP,0.021,0.801,634.932,0.011,,13.9,MPG,,,,,54.532,0.4144,0.0216,28.236,0.3097,0.0298,TWC,Three-way catalyst,N,,,N,No averaging
2009,Fiat,FTG,Alfa Romeo,8C Spider,ZARJA281090047440,1,4.7,9FTGV04.7LEV,Car,444,8,AR8C,A,Automatic,6,N,R,"2-Wheel Drive, Rear",2,Top gear ration < 1,4250,4.18,40.9,2,"Equipped, not shifted by SIL",9FTG10004689,Yes,3,HWFE,61,Tier 2 Cert Gasoline,HWY,0.003,0.335,392.854,0.011,,22.4,MPG,,,,,54.532,0.4144,0.0216,28.236,0.3097,0.0298,TWC,Three-way catalyst,N,,,N,No averaging
2009,GM,GMX,CHEVROLET,1WT19,3518W16997,0,3.5,9GMXV03.9051,Car,211,6,20,A,Automatic,4,Y,F,"2-Wheel Drive, Front",2,Top gear ration < 1,3875,2.86,25.9,1,Not eqipped,9GMX01086303,No,31,Federal fuel 3-day exhaust,61,Tier 2 Cert Gasoline,FTP,0.03361,0.55261,368.8,0.00906,,24.1,MPG,,,,,19.99,0.4402,0.01752,0.9,0.274,0.0172,TWC,Three-way catalyst,N,,,N,No averaging
2009,GM,GMX,CHEVROLET,1WT19,3518W16997,0,3.5,9GMXV03.9051,Car,211,6,20,A,Automatic,4,Y,F,"2-Wheel Drive, Front",2,Top gear ration < 1,3875,2.86,25.9,1,Not eqipped,9GMX01086305,No,31,Federal fuel 3-day exhaust,38,E85 (85% Ethanol 15% EPA Unleaded Gasoline),FTP,0.03899,0.66388,359.217,0.00737,,17.6,MPG,,,,,19.99,0.4402,0.01752,0.9,0.274,0.0172,TWC,Three-way catalyst,N,,,N,No averaging
2009,GM,GMX,CHEVROLET,1WT19,3518W16997,0,3.5,9GMXV03.9051,Car,211,6,20,A,Automatic,4,Y,F,"2-Wheel Drive, Front",2,Top gear ration < 1,3875,2.86,25.9,1,Not eqipped,9GMX01087447,No,3,HWFE,38,E85 (85% Ethanol 15% EPA Unleaded Gasoline),HWY,0.03,0.37372,207.905,0.00215,,30.3,MPG,,,,,19.99,0.4402,0.01752,0.9,0.274,0.0172,TWC,Three-way catalyst,N,,,N,No averaging
2009,GM,GMX,CHEVROLET,1WT19,3518W16997,0,3.5,9GMXV03.9051,Car,211,6,20,A,Automatic,4,Y,F,"2-Wheel Drive, Front",2,Top gear ration < 1,3875,2.86,25.9,1,Not eqipped,9GMX01087448,No,3,HWFE,61,Tier 2 Cert Gasoline,HWY,0.05957,1.38736,212.97,0.00643,,41.2,MPG,,,,,19.99,0.4402,0.01752,0.9,0.274,0.0172,TWC,Three-way catalyst,N,,,N,No averaging
2009,GM,GMX,SATURN,ZLU26,36Z9L19796,0,3.6,9GMXT03.6155,Truck,262,6,10B,CVT,Continuously Variable,1,Y,F,"2-Wheel Drive, Front",2,Top gear ration < 1,4500,3.02,23.5,1,Not eqipped,9GMX91000104,No,3,HWFE,61,Tier 2 Cert Gasoline,HWY,0.0008239,0.0725912,213.4390538,0.0030337,,41.7,MPG,,,,,33.79,0.159,0.02435,10.2,0.129,0.0229,TWC,Three-way catalyst,N,,,N,No averaging
2009,GM,GMX,SATURN,ZLU26,36Z9L19796,0,3.6,9GMXT03.6155,Truck,262,6,10B,CVT,Continuously Variable,1,Y,F,"2-Wheel Drive, Front",2,Top gear ration < 1,4500,3.02,23.5,1,Not eqipped,9GMX91000105,No,21,Federal fuel 2-day exhaust (w/can load),61,Tier 2 Cert Gasoline,FTP,0.0209268,0.2313231,257.386784,0.013993,,34.5,MPG,28.9355914,41.1706467,29.3519026,41.8323512,33.79,0.159,0.02435,10.2,0.129,0.0229,TWC,Three-way catalyst,N,,,N,No averaging
2009,Hyundai,HYX,HYUNDAI,AZERA,TG6L8U61A3,0,3.8,9HYXV03.8AW5,Car,263,6,G6DA5LTS,A,Automatic,5,Y,F,"2-Wheel Drive, Front",2,Top gear ration < 1,4000,3.33,31.5,1,Not eqipped,9HYX09003965,No,3,HWFE,61,Tier 2 Cert Gasoline,HWY,0.0010182,0.062028,249.6327396,0.01967,,35.6,MPG,,,,,41.428,0,0.02217,6.508,-0.0479,0.0209,TWC,Three-way catalyst,N,,,N,No averaging
2009,Hyundai,HYX,HYUNDAI,AZERA,TG6L8U61A3,0,3.8,9HYXV03.8AW5,Car,263,6,G6DA5LTS,A,Automatic,5,Y,F,"2-Wheel Drive, Front",2,Top gear ration < 1,4000,3.33,31.5,1,Not eqipped,9HYX09003966,No,21,Federal fuel 2-day exhaust (w/can load),61,Tier 2 Cert Gasoline,FTP,0.0265051,0.5912924,415.9217308,0.0438265,,21.4,MPG,,,,,41.428,0,0.02217,6.508,-0.0479,0.0209,TWC,Three-way catalyst,N,,,N,No averaging
2009,Kia,KMX,KIA,SPECTRA,LD7B0U27A1,0,2,9KMXV02.0LPC,Car,132,4,G4GC-AC,A,Automatic,4,Y,F,"2-Wheel Drive, Front",2,Top gear ration < 1,3125,3.85,40,1,Not eqipped,9KMX01070833,No,21,Federal fuel 2-day exhaust (w/can load),61,Tier 2 Cert Gasoline,FTP,0.003,0.03,300,0.007,,29.7,MPG,,,,,34.12,0.0177,0.02009,9.08,-0.2685,0.02229,TWC,Three-way catalyst,N,,,N,No averaging
2009,Kia,KMX,KIA,SPECTRA,LD7B0U27A1,0,2,9KMXV02.0LPC,Car,132,4,G4GC-AC,A,Automatic,4,Y,F,"2-Wheel Drive, Front",2,Top gear ration < 1,3125,3.85,40,1,Not eqipped,9KMX01070834,No,3,HWFE,61,Tier 2 Cert Gasoline,HWY,0.002,0.132,199,0.004,,44.7,MPG,,,,,34.12,0.0177,0.02009,9.08,-0.2685,0.02229,TWC,Three-way catalyst,N,,,N,No averaging
2009,Kia,KMX,KIA,SPECTRA,LD7B0U93A1,0,2,9KMXV02.0LPC,Car,132,4,G4GC-AC,A,Automatic,4,Y,F,"2-Wheel Drive, Front",2,Top gear ration < 1,3250,3.85,40,1,Not eqipped,9KMX01070831,No,21,Federal fuel 2-day exhaust (w/can load),61,Tier 2 Cert Gasoline,FTP,0.003,0.056,307,0.008,,29,MPG,,,,,34.86,-0.0411,0.0209,9.58,-0.321,0.0226,TWC,Three-way catalyst,N,,,N,No averaging
2009,Kia,KMX,KIA,SPECTRA,LD7B0U93A1,0,2,9KMXV02.0LPC,Car,132,4,G4GC-AC,A,Automatic,4,Y,F,"2-Wheel Drive, Front",2,Top gear ration < 1,3250,3.85,40,1,Not eqipped,9KMX01070832,No,3,HWFE,61,Tier 2 Cert Gasoline,HWY,0.001,0.109,201,0.005,,44.3,MPG,,,,,34.86,-0.0411,0.0209,9.58,-0.321,0.0226,TWC,Three-way catalyst,N,,,N,No averaging
2009,Kia,KMX,KIA,SPECTRA,LD8B0F01A1,0,2,9KMXV02.0LW5,Car,138,4,G4GC-AC,A,Automatic,4,Y,F,"2-Wheel Drive, Front",2,Top gear ration < 1,3125,3.85,40.1,1,Not eqipped,9KMX01076100,No,21,Federal fuel 2-day exhaust (w/can load),61,Tier 2 Cert Gasoline,FTP,0.014,0.179,293,0.017,,30.4,MPG,,,,,34.12,0.0177,0.02009,6.5,-0.064,0.0199,TWC,Three-way catalyst,N,,,N,No averaging
2009,Kia,KMX,KIA,SPECTRA,LD8B0F01A1,0,2,9KMXV02.0LW5,Car,138,4,G4GC-AC,A,Automatic,4,Y,F,"2-Wheel Drive, Front",2,Top gear ration < 1,3125,3.85,40.1,1,Not eqipped,9KMX01076101,No,3,HWFE,61,Tier 2 Cert Gasoline,HWY,0.001,0.164,200,0.003,,44.5,MPG,,,,,34.12,0.0177,0.02009,6.5,-0.064,0.0199,TWC,Three-way catalyst,N,,,N,No averaging
2009,Kia,KMX,KIA,SPECTRA,LD8B0F04A1,0,2,9KMXV02.0LW5,Car,138,4,G4GC-MC,M,Manual,5,N,F,"2-Wheel Drive, Front",2,Top gear ration < 1,3125,3.84,46.5,1,Not eqipped,9KMX01076105,No,3,HWFE,61,Tier 2 Cert Gasoline,HWY,0.001,0.215,210,0.004,,42.4,MPG,,,,,32.99,-0.0193,0.02038,11.9,-0.17,0.0203,TWC,Three-way catalyst,N,,,N,No averaging
2009,Kia,KMX,KIA,SPECTRA,LD8B0F04A1,0,2,9KMXV02.0LW5,Car,138,4,G4GC-MC,M,Manual,5,N,F,"2-Wheel Drive, Front",2,Top gear ration < 1,3125,3.84,46.5,1,Not eqipped,9KMX01076127,No,21,Federal fuel 2-day exhaust (w/can load),61,Tier 2 Cert Gasoline,FTP,0.013,0.484,300,0.01,,29.6,MPG,,,,,32.99,-0.0193,0.02038,11.9,-0.17,0.0203,TWC,Three-way catalyst,N,,,N,No averaging
2009,Kia,KMX,KIA,SPECTRA,LD8B0F91A1,0,2,9KMXV02.0LW5,Car,138,4,G4GC-AC,A,Automatic,4,Y,F,"2-Wheel Drive, Front",2,Top gear ration < 1,3250,3.85,40.1,1,Not eqipped,9KMX09007177,No,3,HWFE,61,Tier 2 Cert Gasoline,HWY,0.0024446,0.2279463,200.4230357,0.0025626,,44.4,MPG,,,,,34.86,-0.0411,0.02091,4.4,-0.151,0.0214,TWC,Three-way catalyst,N,,,N,No averaging
2009,Kia,KMX,KIA,SPECTRA,LD8B0F91A1,0,2,9KMXV02.0LW5,Car,138,4,G4GC-AC,A,Automatic,4,Y,F,"2-Wheel Drive, Front",2,Top gear ration < 1,3250,3.85,40.1,1,Not eqipped,9KMX09007178,No,21,Federal fuel 2-day exhaust (w/can load),61,Tier 2 Cert Gasoline,FTP,0.0236259,0.3214539,285.7322552,0.0114367,,31.1,MPG,,,,,34.86,-0.0411,0.02091,4.4,-0.151,0.0214,TWC,Three-way catalyst,N,,,N,No averaging
2009,Kia,KMX,KIA,SPECTRA,LD8B0F91A1,0,2,9KMXV02.0LW5,Car,138,4,G4GC-AC,A,Automatic,4,Y,F,"2-Wheel Drive, Front",2,Top gear ration < 1,3250,3.85,40.1,1,Not eqipped,9KMX09007276,No,21,Federal fuel 2-day exhaust (w/can load),61,Tier 2 Cert Gasoline,FTP,0.0188321,0.2814937,291.9940322,0.0188068,,30.4,MPG,,,,,34.86,-0.0411,0.02091,4.4,-0.151,0.0214,TWC,Three-way catalyst,N,,,N,No averaging
2009,Kia,KMX,KIA,SPECTRA,LD8B0F94A1,0,2,9KMXV02.0LW5,Car,138,4,G4GC-MC,M,Manual,5,N,F,"2-Wheel Drive, Front",2,Top gear ration < 1,3250,3.84,46.5,1,Not eqipped,9KMX01076102,No,21,Federal fuel 2-day exhaust (w/can load),61,Tier 2 Cert Gasoline,FTP,0.013,0.474,303,0.009,,29.3,MPG,,,,,33.41,0.0058,0.02014,9.5,-0.063,0.0196,TWC,Three-way catalyst,N,,,N,No averaging
2009,Kia,KMX,KIA,SPECTRA,LD8B0F94A1,0,2,9KMXV02.0LW5,Car,138,4,G4GC-MC,M,Manual,5,N,F,"2-Wheel Drive, Front",2,Top gear ration < 1,3250,3.84,46.5,1,Not eqipped,9KMX01076103,No,3,HWFE,61,Tier 2 Cert Gasoline,HWY,0.001,0.225,211,0.003,,42.2,MPG,,,,,33.41,0.0058,0.02014,9.5,-0.063,0.0196,TWC,Three-way catalyst,N,,,N,No averaging
2009,Lotus,LTX,LOTUS,Elise/Exige,EDV-06-LE08,0,1.8,6LTXV01.8JHB,Car,190,,LL2ZZ-1.8,M,Manual,6,N,R,"2-Wheel Drive, Rear",1,No gear ratio < 1,2375,4.53,51,1,Not eqipped,6LTX10001483,No,3,HWFE,61,Tier 2 Cert Gasoline,HWY,0.02674,0.56082,234.575,0.00543,,37.6,MPG,,,,,34.98,0.4588,0.01383,19.32,0.1512,0.01571,,,N,,,N,No averaging
2009,Lotus,LTX,LOTUS,Elise/Exige,EDV-06-LE08,0,1.8,6LTXV01.8JHB,Car,190,,LL2ZZ-1.8,M,Manual,6,N,R,"2-Wheel Drive, Rear",1,No gear ratio < 1,2375,4.53,51,1,Not eqipped,6LTX10001484,No,21,Federal fuel 2-day exhaust (w/can load),61,Tier 2 Cert Gasoline,FTP,0.03527,0.83567,334.036,0.02186,,26.5,MPG,,,,,34.98,0.4588,0.01383,19.32,0.1512,0.01571,,,N,,,N,No averaging
2009,Lotus,LTX,LOTUS,Elise/Exige,EDV-06-LE08,1,1.8,6LTXV01.8JHB,Car,220,,LL2ZZ-1.8R,M,Manual,6,N,R,"2-Wheel Drive, Rear",1,No gear ratio < 1,2375,4.53,51,1,Not eqipped,6LTX10001437,No,3,HWFE,61,Tier 2 Cert Gasoline,HWY,0.04847,0.97023,238.542,0.00165,,37,MPG,,,,,34.98,0.4588,0.01383,19.32,0.1512,0.01571,,,N,,,N,No averaging
2009,Lotus,LTX,LOTUS,Elise/Exige,EDV-06-LE08,1,1.8,6LTXV01.8JHB,Car,220,,LL2ZZ-1.8R,M,Manual,6,N,R,"2-Wheel Drive, Rear",1,No gear ratio < 1,2375,4.53,51,1,Not eqipped,6LTX10001441,No,21,Federal fuel 2-day exhaust (w/can load),61,Tier 2 Cert Gasoline,FTP,0.05221,1.59344,350.518,0.01293,,25.2,MPG,,,,,34.98,0.4588,0.01383,19.32,0.1512,0.01571,,,N,,,N,No averaging
2009,MAZDA,TKX,MAZDA,MX-5,9EFLFN21,0,2,9TKXV02.05BA,Car,167,4,9LFN2AAM,M,Manual,5,N,R,"2-Wheel Drive, Rear",2,Top gear ration < 1,2750,4.1,48.3,1,Not eqipped,9TKX10000231,No,21,Federal fuel 2-day exhaust (w/can load),61,Tier 2 Cert Gasoline,FTP,0.022134,0.5588,306,0.01504,,28.5,MPG,,,,,34.86,0.4213,0.01899,19.16,0.2008,0.01963,TWC,Three-way catalyst,N,,,N,No averaging
2009,MAZDA,TKX,MAZDA,MX-5,9EFLFN21,0,2,9TKXV02.05BA,Car,167,4,9LFN2AAM,M,Manual,5,N,R,"2-Wheel Drive, Rear",2,Top gear ration < 1,2750,4.1,48.3,1,Not eqipped,9TKX10000232,No,3,HWFE,61,Tier 2 Cert Gasoline,HWY,0.0114,0.2049,225,0.00166,,38.8,MPG,,,,,34.86,0.4213,0.01899,19.16,0.2008,0.01963,TWC,Three-way catalyst,N,,,N,No averaging
2009,MAZDA,TKX,MAZDA,MX-5,9EFLFN21,1,2,9TKXV02.05BA,Car,167,4,9LFN2AAM,M,Manual,5,N,R,"2-Wheel Drive, Rear",2,Top gear ration < 1,2875,4.1,48.3,1,Not eqipped,9TKX10000233,No,21,Federal fuel 2-day exhaust (w/can load),61,Tier 2 Cert Gasoline,FTP,0.019461,0.6415,311,0.02809,,28,MPG,,,,,34.86,0.5012,0.01559,18.44,0.28,0.01611,TWC,Three-way catalyst,N,,,N,No averaging
2009,MAZDA,TKX,MAZDA,MX-5,9EFLFN21,1,2,9TKXV02.05BA,Car,167,4,9LFN2AAM,M,Manual,5,N,R,"2-Wheel Drive, Rear",2,Top gear ration < 1,2875,4.1,48.3,1,Not eqipped,9TKX10000234,No,3,HWFE,61,Tier 2 Cert Gasoline,HWY,0.010357,0.1501,220,0.00215,,39.6,MPG,,,,,34.86,0.5012,0.01559,18.44,0.28,0.01611,TWC,Three-way catalyst,N,,,N,No averaging
2009,MAZDA,TKX,MAZDA,MX-5,9EFLFN31,0,2,9TKXV02.05BA,Car,167,4,9LFN3AAM,M,Manual,6,N,R,"2-Wheel Drive, Rear",2,Top gear ration < 1,2875,4.1,46.1,1,Not eqipped,9TKX10000235,No,21,Federal fuel 2-day exhaust (w/can load),61,Tier 2 Cert Gasoline,FTP,0.023447,0.51,324,0.01509,,26.9,MPG,,,,,35.65,0.4308,0.01806,20.74,0.1425,0.01903,TWC,Three-way catalyst,N,,,N,No averaging
2009,MAZDA,TKX,MAZDA,MX-5,9EFLFN31,0,2,9TKXV02.05BA,Car,167,4,9LFN3AAM,M,Manual,6,N,R,"2-Wheel Drive, Rear",2,Top gear ration < 1,2875,4.1,46.1,1,Not eqipped,9TKX10000236,No,3,HWFE,61,Tier 2 Cert Gasoline,HWY,0.004835,0.096,224,0.00119,,39,MPG,,,,,35.65,0.4308,0.01806,20.74,0.1425,0.01903,TWC,Three-way catalyst,N,,,N,No averaging
2009,MAZDA,TKX,MAZDA,MX-5,9EFLFNS1,0,2,9TKXV02.05BA,Car,158,4,9LFNSAAM,A,Automatic,6,Y,R,"2-Wheel Drive, Rear",2,Top gear ration < 1,2875,4.1,34.5,1,Not eqipped,9TKX10000237,No,21,Federal fuel 2-day exhaust (w/can load),61,Tier 2 Cert Gasoline,FTP,0.020733,0.3924,316,0.019,,27.6,MPG,,,,,33.71,0.4806,0.01635,20.04,0.1679,0.01699,TWC,Three-way catalyst,N,1,0.5,H,Harmonic averaging (1/(Sum(i=1 to n) (FET(i) / WT(i)))
2009,MAZDA,TKX,MAZDA,MX-5,9EFLFNS1,0,2,9TKXV02.05BA,Car,158,4,9LFNSAAM,A,Automatic,6,Y,R,"2-Wheel Drive, Rear",2,Top gear ration < 1,2875,4.1,34.5,1,Not eqipped,9TKX10000238,No,3,HWFE,61,Tier 2 Cert Gasoline,HWY,0.003096,0.0494,217,0.00238,,40.2,MPG,,,,,33.71,0.4806,0.01635,20.04,0.1679,0.01699,TWC,Three-way catalyst,N,1,0.5,H,Harmonic averaging (1/(Sum(i=1 to n) (FET(i) / WT(i)))
2009,MAZDA,TKX,MAZDA,MX-5,9EFLFNS1,1,2,9TKXV02.05BA,Car,158,4,9LFNSAAM,M,Manual,6,N,R,"2-Wheel Drive, Rear",2,Top gear ration < 1,2875,4.1,34.5,1,Not eqipped,9TKX10000239,No,21,Federal fuel 2-day exhaust (w/can load),61,Tier 2 Cert Gasoline,FTP,0.01443,0.2784,344,0.00788,,25.4,MPG,,,,,33.71,0.4806,0.01635,20.04,0.1679,0.01699,TWC,Three-way catalyst,N,1,0.5,H,Harmonic averaging (1/(Sum(i=1 to n) (FET(i) / WT(i)))
2009,MAZDA,TKX,MAZDA,MX-5,9EFLFNS1,1,2,9TKXV02.05BA,Car,158,4,9LFNSAAM,M,Manual,6,N,R,"2-Wheel Drive, Rear",2,Top gear ration < 1,2875,4.1,34.5,1,Not eqipped,9TKX10000240,No,3,HWFE,61,Tier 2 Cert Gasoline,HWY,0.002984,0.0376,219,0.00217,,39.9,MPG,,,,,33.71,0.4806,0.01635,20.04,0.1679,0.01699,TWC,Three-way catalyst,N,1,0.5,H,Harmonic averaging (1/(Sum(i=1 to n) (FET(i) / WT(i)))
2009,MAZDA,TKX,MAZDA,MX-5,9EFLFNS1,2,2,9TKXV02.05BA,Car,158,4,9LFNSAAM,A,Automatic,6,Y,R,"2-Wheel Drive, Rear",2,Top gear ration < 1,2875,4.1,34.1,1,Not eqipped,9TKX10000364,No,21,Federal fuel 2-day exhaust (w/can load),61,Tier 2 Cert Gasoline,FTP,0.020675,0.7791,323,0.02735,,26.9,MPG,,,,,35.62,0.4007,0.01806,19.88,0.2343,0.01786,TWC,Three-way catalyst,N,1,0.5,H,Harmonic averaging (1/(Sum(i=1 to n) (FET(i) / WT(i)))
2009,MAZDA,TKX,MAZDA,MX-5,9EFLFNS1,2,2,9TKXV02.05BA,Car,158,4,9LFNSAAM,A,Automatic,6,Y,R,"2-Wheel Drive, Rear",2,Top gear ration < 1,2875,4.1,34.1,1,Not eqipped,9TKX10000365,No,3,HWFE,61,Tier 2 Cert Gasoline,HWY,0.004636,0.0629,227,0.00673,,38.5,MPG,,,,,35.62,0.4007,0.01806,19.88,0.2343,0.01786,TWC,Three-way catalyst,N,1,0.5,H,Harmonic averaging (1/(Sum(i=1 to n) (FET(i) / WT(i)))
2009,MAZDA,TKX,MAZDA,MX-5,9EFLFNS1,3,2,9TKXV02.05BA,Car,158,4,9LFNSAAM,M,Manual,6,N,R,"2-Wheel Drive, Rear",2,Top gear ration < 1,2875,4.1,34.1,1,Not eqipped,9TKX10000366,No,21,Federal fuel 2-day exhaust (w/can load),61,Tier 2 Cert Gasoline,FTP,0.019011,0.4682,346,0.00991,,25.2,MPG,,,,,35.62,0.4007,0.01806,19.88,0.2343,0.01786,TWC,Three-way catalyst,N,1,0.5,H,Harmonic averaging (1/(Sum(i=1 to n) (FET(i) / WT(i)))
2009,MAZDA,TKX,MAZDA,MX-5,9EFLFNS1,3,2,9TKXV02.05BA,Car,158,4,9LFNSAAM,M,Manual,6,N,R,"2-Wheel Drive, Rear",2,Top gear ration < 1,2875,4.1,34.1,1,Not eqipped,9TKX10000367,No,3,HWFE,61,Tier 2 Cert Gasoline,HWY,0.006561,0.0874,227,0.00103,,38.4,MPG,,,,,35.62,0.4007,0.01806,19.88,0.2343,0.01786,TWC,Three-way catalyst,N,1,0.5,H,Harmonic averaging (1/(Sum(i=1 to n) (FET(i) / WT(i)))
2009,Mercedes-Benz,MBX,Mercedes-Benz,ML 350,W164E35-Z6034-1,1,3.498,9MBXT03.5U2A,Truck,268,,M272-35,A,Automatic,7,Y,R,"2-Wheel Drive, Rear",2,Top gear ration < 1,5000,3.9,33.8,1,Not eqipped,9MBX10002103,No,21,Federal fuel 2-day exhaust (w/can load),61,Tier 2 Cert Gasoline,FTP,0.01066,0.1916,464.15,0.0255,,18.9,MPG,,,,,42.489,0.49204,0.025584,15.737,-0.2492,0.032012,,,N,,,N,No averaging
2009,Mercedes-Benz,MBX,Mercedes-Benz,ML 350,W164E35-Z6034-1,1,3.498,9MBXT03.5U2A,Truck,268,,M272-35,A,Automatic,7,Y,R,"2-Wheel Drive, Rear",2,Top gear ration < 1,5000,3.9,33.8,1,Not eqipped,9MBX10002104,No,3,HWFE,61,Tier 2 Cert Gasoline,HWY,0.02081,0.3195,315.92,0.0042,,27.8,MPG,,,,,42.489,0.49204,0.025584,15.737,-0.2492,0.032012,,,N,,,N,No averaging
2009,Mercedes-Benz,MBX,Mercedes-Benz,smart ForTwo (convertible),A451E10-Z8010,0,0.999,9MBXV01.0U2A,Car,70,3,M132-10,AM,Automated Manual,5,N,R,"2-Wheel Drive, Rear",2,Top gear ration < 1,2125,4.53,52.9,2,"Equipped, not shifted by SIL",9MBX10003951,No,21,Federal fuel 2-day exhaust (w/can load),61,Tier 2 Cert Gasoline,FTP,0.02001,0.2518,201.26,0.0134,,44.3,MPG,,,,,18.087,0.26066,0.018114,6.639,0.156,0.018527,TWC,Three-way catalyst,N,,,N,No averaging
2009,Mercedes-Benz,MBX,Mercedes-Benz,smart ForTwo (convertible),A451E10-Z8010,0,0.999,9MBXV01.0U2A,Car,70,3,M132-10,AM,Automated Manual,5,N,R,"2-Wheel Drive, Rear",2,Top gear ration < 1,2125,4.53,52.9,2,"Equipped, not shifted by SIL",9MBX10003952,No,3,HWFE,61,Tier 2 Cert Gasoline,HWY,0.01106,0.2211,154.19,0.0012,,57.8,MPG,,,,,18.087,0.26066,0.018114,6.639,0.156,0.018527,TWC,Three-way catalyst,N,,,N,No averaging
2009,Mercedes-Benz,MBX,Mercedes-Benz,smart ForTwo (coupe),A451E10-Z8010-1,0,0.999,9MBXV01.0U2A,Car,70,3,M132-10,AM,Automated Manual,5,N,R,"2-Wheel Drive, Rear",2,Top gear ration < 1,2125,4.53,52.9,2,"Equipped, not shifted by SIL",9MBX10003945,No,21,Federal fuel 2-day exhaust (w/can load),61,Tier 2 Cert Gasoline,FTP,0.02001,0.2518,201.26,0.0134,,44.3,MPG,,,,,18.087,0.26066,0.018114,6.639,0.156,0.018527,TWC,Three-way catalyst,N,,,N,No averaging
2009,Mercedes-Benz,MBX,Mercedes-Benz,smart ForTwo (coupe),A451E10-Z8010-1,0,0.999,9MBXV01.0U2A,Car,70,3,M132-10,AM,Automated Manual,5,N,R,"2-Wheel Drive, Rear",2,Top gear ration < 1,2125,4.53,52.9,2,"Equipped, not shifted by SIL",9MBX10003946,No,3,HWFE,61,Tier 2 Cert Gasoline,HWY,0.01106,0.2211,154.19,0.0012,,57.8,MPG,,,,,18.087,0.26066,0.018114,6.639,0.156,0.018527,TWC,Three-way catalyst,N,,,N,No averaging
2009,Nissan,NSX,INFINITI,G37 CONVERTIBLE Sport 6MT,MMB056,0,3.7,9NSXV03.7GAB,Car,325,6,VQ37VHR,M,Manual,6,N,R,"2-Wheel Drive, Rear",2,Top gear ration < 1,4500,3.92,40.1,1,Not eqipped,9NSX10002364,No,21,Federal fuel 2-day exhaust (w/can load),61,Tier 2 Cert Gasoline,FTP,0.0314,1.4496,436,0.0184,,20.3,MPG,,,,,35.83,0.228,0.01867,17.65,-0.0652,0.01951,TWC,Three-way catalyst,N,,,N,No averaging
2009,Nissan,NSX,INFINITI,G37 CONVERTIBLE Sport 6MT,MMB056,0,3.7,9NSXV03.7GAB,Car,325,6,VQ37VHR,M,Manual,6,N,R,"2-Wheel Drive, Rear",2,Top gear ration < 1,4500,3.92,40.1,1,Not eqipped,9NSX10002365,No,3,HWFE,61,Tier 2 Cert Gasoline,HWY,0.0025,0.276,268,0.0064,,33.2,MPG,,,,,35.83,0.228,0.01867,17.65,-0.0652,0.01951,TWC,Three-way catalyst,N,,,N,No averaging
2009,Nissan,NSX,INFINITI,INFINITI G37 CONVERTIBLE JOURNEY,MLC290,1,3.7,9NSXV03.7GAB,Car,325,6,AV37DAA4,SA,Semi-Automatic,7,Y,R,"2-Wheel Drive, Rear",2,Top gear ration < 1,4500,3.36,33.4,1,Not eqipped,9NSX91000080,No,3,HWFE,61,Tier 2 Cert Gasoline,HWY,0.0002834,0.0833957,249.0133418,0.0116578,,35.7,MPG,,,,,33.87,0.3357,0.01832,11.5,-0.0009,0.02063,TWC,Three-way catalyst,N,,,N,No averaging
2009,Nissan,NSX,INFINITI,INFINITI G37 CONVERTIBLE JOURNEY,MLC290,1,3.7,9NSXV03.7GAB,Car,325,6,AV37DAA4,SA,Semi-Automatic,7,Y,R,"2-Wheel Drive, Rear",2,Top gear ration < 1,4500,3.36,33.4,1,Not eqipped,9NSX91000081,No,21,Federal fuel 2-day exhaust (w/can load),61,Tier 2 Cert Gasoline,FTP,0.0235016,0.3288072,427.0813718,0.0382555,,20.8,MPG,,,,,33.87,0.3357,0.01832,11.5,-0.0009,0.02063,TWC,Three-way catalyst,N,,,N,No averaging
2009,Nissan,NSX,INFINITI,INFINITI G37 CONVERTIBLE JOURNEY,MMB055,1,3.7,9NSXV03.7GAB,Car,325,6,AV37DAA3,SA,Semi-Automatic,7,Y,R,"2-Wheel Drive, Rear",2,Top gear ration < 1,4500,3.36,33.4,1,Not eqipped,9NSX10002474,No,21,Federal fuel 2-day exhaust (w/can load),61,Tier 2 Cert Gasoline,FTP,0.0315,0.5765,409,0.0232,,21.8,MPG,,,,,33.87,0.3357,0.01832,11.11,0.0791,0.01953,TWC,Three-way catalyst,N,,,N,No averaging
2009,Nissan,NSX,INFINITI,INFINITI G37 CONVERTIBLE JOURNEY,MMB055,1,3.7,9NSXV03.7GAB,Car,325,6,AV37DAA3,SA,Semi-Automatic,7,Y,R,"2-Wheel Drive, Rear",2,Top gear ration < 1,4500,3.36,33.4,1,Not eqipped,9NSX10002475,No,3,HWFE,61,Tier 2 Cert Gasoline,HWY,0.0018,0.2788,251,0.0065,,35.5,MPG,,,,,33.87,0.3357,0.01832,11.11,0.0791,0.01953,TWC,Three-way catalyst,N,,,N,No averaging
2009,Nissan,NSX,INFINITI,INFINITI G37 CONVERTIBLE JOURNEY,MMB055,2,3.7,9NSXV03.7GAB,Car,325,6,AV37DAA3,SA,Semi-Automatic,7,Y,R,"2-Wheel Drive, Rear",2,Top gear ration < 1,4500,3.36,33.8,1,Not eqipped,9NSX10002476,No,21,Federal fuel 2-day exhaust (w/can load),61,Tier 2 Cert Gasoline,FTP,0.027,0.4183,402,0.0158,,22.2,MPG,,,,,33.87,0.3357,0.01804,13.17,0.1033,0.01928,TWC,Three-way catalyst,N,,,N,No averaging
2009,Nissan,NSX,INFINITI,INFINITI G37 CONVERTIBLE JOURNEY,MMB055,2,3.7,9NSXV03.7GAB,Car,325,6,AV37DAA3,SA,Semi-Automatic,7,Y,R,"2-Wheel Drive, Rear",2,Top gear ration < 1,4500,3.36,33.8,1,Not eqipped,9NSX10002477,No,3,HWFE,61,Tier 2 Cert Gasoline,HWY,0.0025,0.0582,253,0.0028,,35.3,MPG,,,,,33.87,0.3357,0.01804,13.17,0.1033,0.01928,TWC,Three-way catalyst,N,,,N,No averaging
2009,Nissan,NSX,NISSAN,NISSAN CUBE 1.8 S,PPB178,0,1.8,9NSXV01.8G1B,Car,122,4,AM18DAM2,M,Manual,6,N,F,"2-Wheel Drive, Front",2,Top gear ration < 1,3125,3.93,46,1,Not eqipped,9NSX91000044,No,21,Federal fuel 2-day exhaust (w/can load),61,Tier 2 Cert Gasoline,FTP,0.0289397,0.2903575,293.6127552,0.0225841,,30.2,MPG,,,,,16.39,0.2969,0.02477,2.64,0.1095,0.02551,TWC,Three-way catalyst,N,,,N,No averaging
2009,Nissan,NSX,NISSAN,NISSAN CUBE 1.8 S,PPB178,0,1.8,9NSXV01.8G1B,Car,122,4,AM18DAM2,M,Manual,6,N,F,"2-Wheel Drive, Front",2,Top gear ration < 1,3125,3.93,46,1,Not eqipped,9NSX91000045,No,3,HWFE,61,Tier 2 Cert Gasoline,HWY,0.0043197,0.1154134,214.9592265,0.0018363,,41.3,MPG,,,,,16.39,0.2969,0.02477,2.64,0.1095,0.02551,TWC,Three-way catalyst,N,,,N,No averaging
2009,Nissan,NSX,NISSAN,NISSAN CUBE 1.8 S,PPB178,0,1.8,9NSXV01.8G1B,Car,122,4,AM18DAM2,M,Manual,6,N,F,"2-Wheel Drive, Front",2,Top gear ration < 1,3125,3.93,46,1,Not eqipped,9NSX91000076,No,21,Federal fuel 2-day exhaust (w/can load),61,Tier 2 Cert Gasoline,FTP,0.0353056,0.4129405,289.0582119,0.0195274,,30.7,MPG,,,,,16.39,0.2969,0.02477,2.64,0.1095,0.02551,TWC,Three-way catalyst,N,,,N,No averaging
2009,Nissan,NSX,NISSAN,NISSAN CUBE 1.8 S,PPB179,1,1.8,9NSXV01.8G1B,Car,122,4,AM18DAC2,CVT,Continuously Variable,1,Y,F,"2-Wheel Drive, Front",2,Top gear ration < 1,3125,5.47,33.7,1,Not eqipped,9NSX10000342,No,3,HWFE,61,Tier 2 Cert Gasoline,HWY,0.0022,0.0969,209,0.0013,,42.7,MPG,,,,,34.24,-0.1608,0.02727,11.29,-0.0678,0.02564,TWC,Three-way catalyst,N,,,N,No averaging
2009,Nissan,NSX,NISSAN,NISSAN CUBE 1.8 S,PPB179,1,1.8,9NSXV01.8G1B,Car,122,4,AM18DAC2,CVT,Continuously Variable,1,Y,F,"2-Wheel Drive, Front",2,Top gear ration < 1,3125,5.47,33.7,1,Not eqipped,9NSX10000344,No,3,HWFE,61,Tier 2 Cert Gasoline,HWY,0.0025,0.1209,208,0.001,,42.9,MPG,,,,,34.24,-0.1608,0.02727,11.29,-0.0678,0.02564,TWC,Three-way catalyst,N,,,N,No averaging
2009,Nissan,NSX,NISSAN,NISSAN CUBE 1.8 S,PPB179,1,1.8,9NSXV01.8G1B,Car,122,4,AM18DAC2,CVT,Continuously Variable,1,Y,F,"2-Wheel Drive, Front",2,Top gear ration < 1,3125,5.47,33.7,1,Not eqipped,9NSX10002393,No,21,Federal fuel 2-day exhaust (w/can load),61,Tier 2 Cert Gasoline,FTP,0.0257,0.1744,249,0.0167,,35.7,MPG,,,,,34.24,-0.1608,0.02727,11.29,-0.0678,0.02564,TWC,Three-way catalyst,N,,,N,No averaging
2009,Nissan,NSX,NISSAN,NISSAN CUBE 1.8 S,PPB179,2,1.8,9NSXV01.8G1B,Car,122,4,AM18DAC2,CVT,Continuously Variable,1,Y,F,"2-Wheel Drive, Front",2,Top gear ration < 1,3125,5.47,33.6,1,Not eqipped,9NSX10000346,No,3,HWFE,61,Tier 2 Cert Gasoline,HWY,0.002,0.0752,209,0.001,,42.6,MPG,,,,,33.22,-0.1615,0.0275,9.45,-0.1237,0.02666,TWC,Three-way catalyst,N,,,N,No averaging
2009,Nissan,NSX,NISSAN,NISSAN CUBE 1.8 S,PPB179,2,1.8,9NSXV01.8G1B,Car,122,4,AM18DAC2,CVT,Continuously Variable,1,Y,F,"2-Wheel Drive, Front",2,Top gear ration < 1,3125,5.47,33.6,1,Not eqipped,9NSX10000348,No,3,HWFE,61,Tier 2 Cert Gasoline,HWY,0.0019,0.0817,206,0.0009,,43.2,MPG,,,,,33.22,-0.1615,0.0275,9.45,-0.1237,0.02666,TWC,Three-way catalyst,N,,,N,No averaging
2009,Nissan,NSX,NISSAN,NISSAN CUBE 1.8 S,PPB179,2,1.8,9NSXV01.8G1B,Car,122,4,AM18DAC2,CVT,Continuously Variable,1,Y,F,"2-Wheel Drive, Front",2,Top gear ration < 1,3125,5.47,33.6,1,Not eqipped,9NSX10002394,No,21,Federal fuel 2-day exhaust (w/can load),61,Tier 2 Cert Gasoline,FTP,0.027,0.1901,249,0.0163,,35.7,MPG,,,,,33.22,-0.1615,0.0275,9.45,-0.1237,0.02666,TWC,Three-way catalyst,N,,,N,No averaging
2009,Nissan,NSX,NISSAN,NISSAN SENTRA 2.0S,AWB105,2,2,9NSXV02.0G2A,Car,140,4,AM20DAC2,CVT,Continuously Variable,1,Y,F,"2-Wheel Drive, Front",2,Top gear ration < 1,3250,5.41,29.8,1,Not eqipped,9NSX10000624,No,21,Federal fuel 2-day exhaust (w/can load),61,Tier 2 Cert Gasoline,FTP,0.0342,0.216,273,0.017,,32.7,MPG,,,,,46.96,-0.7161,0.03017,18.64,-0.5519,0.02702,TWC,Three-way catalyst,N,,,N,No averaging
2009,Nissan,NSX,NISSAN,NISSAN SENTRA 2.0S,AWB105,2,2,9NSXV02.0G2A,Car,140,4,AM20DAC2,CVT,Continuously Variable,1,Y,F,"2-Wheel Drive, Front",2,Top gear ration < 1,3250,5.41,29.8,1,Not eqipped,9NSX10000625,No,3,HWFE,61,Tier 2 Cert Gasoline,HWY,0.0026,0.1549,191,0.0005,,46.7,MPG,,,,,46.96,-0.7161,0.03017,18.64,-0.5519,0.02702,TWC,Three-way catalyst,N,,,N,No averaging
2009,Nissan,NSX,NISSAN,NISSAN SENTRA 2.0S,AWB105,3,2,9NSXV02.0G2A,Car,140,4,AM20DAC3,CVT,Continuously Variable,1,Y,F,"2-Wheel Drive, Front",2,Top gear ration < 1,3250,5.41,29.8,1,Not eqipped,9NSX10001442,No,21,Federal fuel 2-day exhaust (w/can load),61,Tier 2 Cert Gasoline,FTP,0.0289,0.1394,261,0.0156,,34,MPG,,,,,46.96,-0.7161,0.03017,14.64,-0.469,0.02582,TWC,Three-way catalyst,N,,,N,No averaging
2009,Nissan,NSX,NISSAN,NISSAN SENTRA 2.0S,AWB105,3,2,9NSXV02.0G2A,Car,140,4,AM20DAC3,CVT,Continuously Variable,1,Y,F,"2-Wheel Drive, Front",2,Top gear ration < 1,3250,5.41,29.8,1,Not eqipped,9NSX10001443,No,3,HWFE,61,Tier 2 Cert Gasoline,HWY,0.0031,0.119,185,0.0017,,48,MPG,,,,,46.96,-0.7161,0.03017,14.64,-0.469,0.02582,TWC,Three-way catalyst,N,,,N,No averaging
2009,Nissan,NSX,NISSAN,NISSAN SENTRA 2.0S,AWE260,0,2,9NSXV02.0G2A,Car,140,4,AM20DAM1,M,Manual,6,N,F,"2-Wheel Drive, Front",2,Top gear ration < 1,3250,3.93,42.2,1,Not eqipped,9NSX01087125,No,3,HWFE,61,Tier 2 Cert Gasoline,HWY,0.0042,0.1504,206,0.0015,,43.2,MPG,,,,,17.77,0.2992,0.02178,1.43,0.1782,0.02158,TWC,Three-way catalyst,N,,,N,No averaging
2009,Nissan,NSX,NISSAN,NISSAN SENTRA 2.0S,AWE260,0,2,9NSXV02.0G2A,Car,140,4,AM20DAM1,M,Manual,6,N,F,"2-Wheel Drive, Front",2,Top gear ration < 1,3250,3.93,42.2,1,Not eqipped,9NSX01087130,No,3,HWFE,61,Tier 2 Cert Gasoline,HWY,0.0039,0.1437,207,0.0017,,43,MPG,,,,,17.77,0.2992,0.02178,1.43,0.1782,0.02158,TWC,Three-way catalyst,N,,,N,No averaging
2009,Nissan,NSX,NISSAN,NISSAN SENTRA 2.0S,AWE260,0,2,9NSXV02.0G2A,Car,140,4,AM20DAM1,M,Manual,6,N,F,"2-Wheel Drive, Front",2,Top gear ration < 1,3250,3.93,42.2,1,Not eqipped,9NSX01088139,No,21,Federal fuel 2-day exhaust (w/can load),61,Tier 2 Cert Gasoline,FTP,0.0326,0.6302,287,0.0159,,30.9,MPG,,,,,17.77,0.2992,0.02178,1.43,0.1782,0.02158,TWC,Three-way catalyst,N,,,N,No averaging
2009,Nissan,NSX,NISSAN,NISSAN SENTRA 2.0SL,AWE255,0,2,9NSXV02.082A,Car,134,4,AM20DCC1,CVT,Continuously Variable,1,Y,F,"2-Wheel Drive, Front",2,Top gear ration < 1,3250,5.41,29.8,1,Not eqipped,9NSX09010717,No,3,HWFE,23,CARB Phase II Gasoline,HWY,0.0003,0.1593,196,0.0011,,44.5,MPG,,,,,46.96,-0.7161,0.03017,20.62,-0.5361,0.02654,TWC,Three-way catalyst,N,,,N,No averaging
2009,Nissan,NSX,NISSAN,NISSAN SENTRA 2.0SL,AWE255,0,2,9NSXV02.082A,Car,134,4,AM20DCC1,CVT,Continuously Variable,1,Y,F,"2-Wheel Drive, Front",2,Top gear ration < 1,3250,5.41,29.8,1,Not eqipped,9NSX09010718,No,25,California fuel 2-day exhaust (w/can load),23,CARB Phase II Gasoline,FTP,0.0071,0.1486,280,0.01,,31.1,MPG,,,,,46.96,-0.7161,0.03017,20.62,-0.5361,0.02654,TWC,Three-way catalyst,N,,,N,No averaging
2009,Nissan,NSX,NISSAN,NISSAN SENTRA 2.0SL,AWE255,1,2,9NSXV02.082A,Car,134,4,AM20DCC2,CVT,Continuously Variable,1,Y,F,"2-Wheel Drive, Front",2,Top gear ration < 1,3250,5.41,29.8,1,Not eqipped,9NSX10001447,No,25,California fuel 2-day exhaust (w/can load),23,CARB Phase II Gasoline,FTP,0.0061,0.0681,270,0.0101,,32.2,MPG,,,,,46.96,-0.7161,0.03017,20.01,-0.555,0.02669,TWC,Three-way catalyst,N,,,N,No averaging
2009,Nissan,NSX,NISSAN,NISSAN SENTRA 2.0SL,AWE255,1,2,9NSXV02.082A,Car,134,4,AM20DCC2,CVT,Continuously Variable,1,Y,F,"2-Wheel Drive, Front",2,Top gear ration < 1,3250,5.41,29.8,1,Not eqipped,9NSX10001448,No,3,HWFE,23,CARB Phase II Gasoline,HWY,0.001,0.0919,189,0.0008,,46,MPG,,,,,46.96,-0.7161,0.03017,20.01,-0.555,0.02669,TWC,Three-way catalyst,N,,,N,No averaging
2009,Nissan,NSX,NISSAN,NISSAN VERSA 1.6 Sedan,KJEB91,1,1.6,9NSXV01.6G4A,Car,102,4,HR16DE,A,Automatic,4,Y,F,"2-Wheel Drive, Front",2,Top gear ration < 1,2875,4.07,42.5,1,Not eqipped,9NSX09011096,No,3,HWFE,61,Tier 2 Cert Gasoline,HWY,0.0011,0.0578,191,0.0022,,46.5,MPG,,,,,23.29,0.2418,0.01978,13.4,-0.3624,0.02426,TWC,Three-way catalyst,N,,,N,No averaging
2009,Nissan,NSX,NISSAN,NISSAN VERSA 1.6 Sedan,KJEB91,1,1.6,9NSXV01.6G4A,Car,102,4,HR16DE,A,Automatic,4,Y,F,"2-Wheel Drive, Front",2,Top gear ration < 1,2875,4.07,42.5,1,Not eqipped,9NSX09011097,No,21,Federal fuel 2-day exhaust (w/can load),61,Tier 2 Cert Gasoline,FTP,0.0356,0.2815,270,0.0048,,32.9,MPG,,,,,23.29,0.2418,0.01978,13.4,-0.3624,0.02426,TWC,Three-way catalyst,N,,,N,No averaging
2009,Nissan,NSX,NISSAN,NISSAN VERSA 1.6 Sedan,KJEB92,0,1.6,9NSXV01.6G4A,Car,102,4,HR16DE,M,Manual,5,N,F,"2-Wheel Drive, Front",2,Top gear ration < 1,2875,4.07,49.9,1,Not eqipped,9NSX09011016,No,3,HWFE,61,Tier 2 Cert Gasoline,HWY,0.0007,0.0548,188,0.0068,,47.3,MPG,,,,,18.68,0.235,0.02011,6.46,0.1444,0.01995,TWC,Three-way catalyst,N,,,N,No averaging
2009,Nissan,NSX,NISSAN,NISSAN VERSA 1.6 Sedan,KJEB92,0,1.6,9NSXV01.6G4A,Car,102,4,HR16DE,M,Manual,5,N,F,"2-Wheel Drive, Front",2,Top gear ration < 1,2875,4.07,49.9,1,Not eqipped,9NSX09011036,No,21,Federal fuel 2-day exhaust (w/can load),61,Tier 2 Cert Gasoline,FTP,0.0236,0.2322,268,0.0122,,33.1,MPG,,,,,18.68,0.235,0.02011,6.46,0.1444,0.01995,TWC,Three-way catalyst,N,,,N,No averaging
2009,Nissan,NSX,NISSAN,NISSAN VERSA 1.8SL,KJEC06,3,1.8,9NSXV01.8G1A,Car,122,4,AM18DAC4,CVT,Continuously Variable,1,Y,F,"2-Wheel Drive, Front",2,Top gear ration < 1,3125,5.47,33.5,1,Not eqipped,9NSX10001445,No,21,Federal fuel 2-day exhaust (w/can load),61,Tier 2 Cert Gasoline,FTP,0.0288,0.2028,248,0.0093,,35.8,MPG,,,,,41.15,-0.4427,0.02592,14.64,-0.302,0.02368,TWC,Three-way catalyst,N,,,N,No averaging
2009,Nissan,NSX,NISSAN,NISSAN VERSA 1.8SL,KJEC06,3,1.8,9NSXV01.8G1A,Car,122,4,AM18DAC4,CVT,Continuously Variable,1,Y,F,"2-Wheel Drive, Front",2,Top gear ration < 1,3125,5.47,33.5,1,Not eqipped,9NSX10001446,No,3,HWFE,61,Tier 2 Cert Gasoline,HWY,0.003,0.0913,187,0.0012,,47.5,MPG,,,,,41.15,-0.4427,0.02592,14.64,-0.302,0.02368,TWC,Three-way catalyst,N,,,N,No averaging
2009,Nissan,NSX,NISSAN,PATHFINDER SE 4X2,STE248,2,4,9NSXT04.0G6A,Truck,266,6,AQ40DAA3,A,Automatic,5,Y,R,"2-Wheel Drive, Rear",2,Top gear ration < 1,4750,3.13,30.2,1,Not eqipped,9NSX10004908,No,21,Federal fuel 2-day exhaust (w/can load),61,Tier 2 Cert Gasoline,FTP,0.0261,0.3613,468,0.011,,19,MPG,,,,,38.83,0.5422,0.02367,23.45,-0.1208,0.02965,TWC,Three-way catalyst,N,,,N,No averaging
2009,Nissan,NSX,NISSAN,PATHFINDER SE 4X2,STE248,2,4,9NSXT04.0G6A,Truck,266,6,AQ40DAA3,A,Automatic,5,Y,R,"2-Wheel Drive, Rear",2,Top gear ration < 1,4750,3.13,30.2,1,Not eqipped,9NSX10005066,No,3,HWFE,61,Tier 2 Cert Gasoline,HWY,0.002,0.06,288,0.0023,,30.9,MPG,,,,,38.83,0.5422,0.02367,23.45,-0.1208,0.02965,TWC,Three-way catalyst,N,,,N,No averaging
2009,Nissan,NSX,NISSAN,PATHFINDER SE 4X2,STE341,2,4,9NSXT04.0G6B,Truck,266,6,AQ40DFA3,A,Automatic,5,Y,R,"2-Wheel Drive, Rear",2,Top gear ration < 1,4750,3.13,30.2,1,Not eqipped,9NSX10004910,No,21,Federal fuel 2-day exhaust (w/can load),61,Tier 2 Cert Gasoline,FTP,0.0362,0.3318,465,0.0088,,19.1,MPG,,,,,38.83,0.5422,0.02367,19.82,0.01,0.02772,TWC,Three-way catalyst,N,,,N,No averaging
2009,Nissan,NSX,NISSAN,PATHFINDER SE 4X2,STE341,2,4,9NSXT04.0G6B,Truck,266,6,AQ40DFA3,A,Automatic,5,Y,R,"2-Wheel Drive, Rear",2,Top gear ration < 1,4750,3.13,30.2,1,Not eqipped,9NSX10005067,No,3,HWFE,61,Tier 2 Cert Gasoline,HWY,0.0045,0.06,288,0.0023,,30.9,MPG,,,,,38.83,0.5422,0.02367,19.82,0.01,0.02772,TWC,Three-way catalyst,N,,,N,No averaging
2009,Nissan,NSX,NISSAN,TITAN KING-5.6LE LWB,SHB033,24,5.6,9NSXT05.6G9B,Truck,317,8,AK56DAAE,A,Automatic,5,Y,R,"2-Wheel Drive, Rear",2,Top gear ration < 1,5500,2.94,26.1,1,Not eqipped,9NSX10005011,No,21,Federal fuel 2-day exhaust (w/can load),61,Tier 2 Cert Gasoline,FTP,0.0385,0.7084,570,0.0043,,15.6,MPG,,,,,37.72,0.7954,0.03128,20.56,-0.0241,0.03758,TWC,Three-way catalyst,N,,,N,No averaging
2009,Nissan,NSX,NISSAN,TITAN KING-5.6LE LWB,SHB033,24,5.6,9NSXT05.6G9B,Truck,317,8,AK56DAAE,A,Automatic,5,Y,R,"2-Wheel Drive, Rear",2,Top gear ration < 1,5500,2.94,26.1,1,Not eqipped,9NSX10005012,No,3,HWFE,61,Tier 2 Cert Gasoline,HWY,0.0033,0.0987,357,0.0129,,24.9,MPG,,,,,37.72,0.7954,0.03128,20.56,-0.0241,0.03758,TWC,Three-way catalyst,N,,,N,No averaging
2009,Nissan,NSX,NISSAN,TITAN KING-5.6LE LWB,SHB033,25,5.6,9NSXT05.6G9B,Truck,317,8,AK56DAAE,A,Automatic,5,Y,R,"2-Wheel Drive, Rear",2,Top gear ration < 1,5500,2.94,26.1,1,Not eqipped,9NSX10005062,No,21,Federal fuel 2-day exhaust (w/can load),38,E85 (85% Ethanol 15% EPA Unleaded Gasoline),FTP,0.0158,0.3078,553,0.0038,,11.4,MPG,,,,,37.72,0.7954,0.03128,20.56,-0.0241,0.03758,TWC,Three-way catalyst,N,,,N,No averaging
2009,Nissan,NSX,NISSAN,TITAN KING-5.6LE LWB,SHB033,25,5.6,9NSXT05.6G9B,Truck,317,8,AK56DAAE,A,Automatic,5,Y,R,"2-Wheel Drive, Rear",2,Top gear ration < 1,5500,2.94,26.1,1,Not eqipped,9NSX10005063,No,3,HWFE,38,E85 (85% Ethanol 15% EPA Unleaded Gasoline),HWY,0.0014,0.0553,342,0.0088,,18.4,MPG,,,,,37.72,0.7954,0.03128,20.56,-0.0241,0.03758,TWC,Three-way catalyst,N,,,N,No averaging
2009,Nissan,NSX,NISSAN,TITAN KING-5.6LE LWB,SHB035,7,5.6,9NSXT05.6G9A,Truck,317,8,AK56DAAC,A,Automatic,5,Y,R,"2-Wheel Drive, Rear",2,Top gear ration < 1,5500,2.94,26.1,1,Not eqipped,9NSX10004960,No,21,Federal fuel 2-day exhaust (w/can load),61,Tier 2 Cert Gasoline,FTP,0.0428,0.6776,565,0.0128,,15.7,MPG,,,,,37.72,0.7954,0.03128,21.26,-0.0621,0.03835,TWC,Three-way catalyst,N,,,N,No averaging
2009,Nissan,NSX,NISSAN,TITAN KING-5.6LE LWB,SHB035,7,5.6,9NSXT05.6G9A,Truck,317,8,AK56DAAC,A,Automatic,5,Y,R,"2-Wheel Drive, Rear",2,Top gear ration < 1,5500,2.94,26.1,1,Not eqipped,9NSX10004961,No,3,HWFE,61,Tier 2 Cert Gasoline,HWY,0.0026,0.1192,356,0.0023,,25,MPG,,,,,37.72,0.7954,0.03128,21.26,-0.0621,0.03835,TWC,Three-way catalyst,N,,,N,No averaging
2009,Nissan,NSX,NISSAN,TITAN KING-5.6LE SWB,SJB272,4,5.6,9NSXT05.6G9A,Truck,317,8,AK56DAAB,A,Automatic,5,Y,R,"2-Wheel Drive, Rear",2,Top gear ration < 1,5500,2.94,26.2,1,Not eqipped,9NSX10004967,No,21,Federal fuel 2-day exhaust (w/can load),61,Tier 2 Cert Gasoline,FTP,0.0422,0.5424,549,0.0103,,16.2,MPG,,,,,34.46,0.7373,0.03385,18.48,-0.1177,0.04054,TWC,Three-way catalyst,N,,,N,No averaging
2009,Nissan,NSX,NISSAN,TITAN KING-5.6LE SWB,SJB272,4,5.6,9NSXT05.6G9A,Truck,317,8,AK56DAAB,A,Automatic,5,Y,R,"2-Wheel Drive, Rear",2,Top gear ration < 1,5500,2.94,26.2,1,Not eqipped,9NSX10004968,No,3,HWFE,61,Tier 2 Cert Gasoline,HWY,0.0037,0.084,352,0.0035,,25.3,MPG,,,,,34.46,0.7373,0.03385,18.48,-0.1177,0.04054,TWC,Three-way catalyst,N,,,N,No averaging
2009,Nissan,NSX,NISSAN,TITAN KING-5.6LE SWB,SJB272,5,5.6,9NSXT05.6G9A,Truck,317,8,AK56DAAB,A,Automatic,5,Y,R,"2-Wheel Drive, Rear",2,Top gear ration < 1,5500,2.94,26.2,1,Not eqipped,9NSX10004965,No,21,Federal fuel 2-day exhaust (w/can load),61,Tier 2 Cert Gasoline,FTP,0.0492,0.7001,561,0.0161,,15.8,MPG,,,,,34.75,0.741,0.03212,21.26,-0.1699,0.03976,TWC,Three-way catalyst,N,,,N,No averaging
2009,Nissan,NSX,NISSAN,TITAN KING-5.6LE SWB,SJB272,5,5.6,9NSXT05.6G9A,Truck,317,8,AK56DAAB,A,Automatic,5,Y,R,"2-Wheel Drive, Rear",2,Top gear ration < 1,5500,2.94,26.2,1,Not eqipped,9NSX10004966,No,3,HWFE,61,Tier 2 Cert Gasoline,HWY,0.0039,0.0727,361,0.0052,,24.7,MPG,,,,,34.75,0.741,0.03212,21.26,-0.1699,0.03976,TWC,Three-way catalyst,N,,,N,No averaging
2009,Nissan,NSX,NISSAN,TITAN KING-5.6LE SWB,SJB272,6,5.6,9NSXT05.6G9A,Truck,317,8,AK56DAAB,A,Automatic,5,Y,R,"2-Wheel Drive, Rear",2,Top gear ration < 1,5500,2.94,26.1,1,Not eqipped,9NSX10004963,No,21,Federal fuel 2-day exhaust (w/can load),61,Tier 2 Cert Gasoline,FTP,0.0425,0.4906,563,0.0092,,15.8,MPG,,,,,35.97,0.7926,0.031,17.68,-0.0783,0.0382,TWC,Three-way catalyst,N,,,N,No averaging
2009,Nissan,NSX,NISSAN,TITAN KING-5.6LE SWB,SJB272,6,5.6,9NSXT05.6G9A,Truck,317,8,AK56DAAB,A,Automatic,5,Y,R,"2-Wheel Drive, Rear",2,Top gear ration < 1,5500,2.94,26.1,1,Not eqipped,9NSX10004964,No,3,HWFE,61,Tier 2 Cert Gasoline,HWY,0.0044,0.1049,363,0.0033,,24.5,MPG,,,,,35.97,0.7926,0.031,17.68,-0.0783,0.0382,TWC,Three-way catalyst,N,,,N,No averaging
2009,Nissan,NSX,NISSAN,TITAN KING-5.6LE SWB,SJE208,22,5.6,9NSXT05.6G9B,Truck,317,8,AK56DAAD,A,Automatic,5,Y,R,"2-Wheel Drive, Rear",2,Top gear ration < 1,5500,2.94,26.2,1,Not eqipped,9NSX10005064,No,21,Federal fuel 2-day exhaust (w/can load),38,E85 (85% Ethanol 15% EPA Unleaded Gasoline),FTP,0.0237,0.2604,539,0.0019,,11.7,MPG,,,,,34.46,0.7373,0.03385,18.9,-0.1432,0.04021,TWC,Three-way catalyst,N,,,N,No averaging
2009,Nissan,NSX,NISSAN,TITAN KING-5.6LE SWB,SJE208,22,5.6,9NSXT05.6G9B,Truck,317,8,AK56DAAD,A,Automatic,5,Y,R,"2-Wheel Drive, Rear",2,Top gear ration < 1,5500,2.94,26.2,1,Not eqipped,9NSX10005065,No,3,HWFE,38,E85 (85% Ethanol 15% EPA Unleaded Gasoline),HWY,0.002,0.0578,340,0.0047,,18.5,MPG,,,,,34.46,0.7373,0.03385,18.9,-0.1432,0.04021,TWC,Three-way catalyst,N,,,N,No averaging
2009,Nissan,NSX,NISSAN,TITAN KING-5.6LE SWB,SJE208,23,5.6,9NSXT05.6G9B,Truck,317,8,AK56DAAD,A,Automatic,5,Y,R,"2-Wheel Drive, Rear",2,Top gear ration < 1,5500,2.94,26.2,1,Not eqipped,9NSX10005120,Yes,21,Federal fuel 2-day exhaust (w/can load),61,Tier 2 Cert Gasoline,FTP,,,,,,15.6,MPG,,,,,34.75,0.741,0.03212,34.75,0.741,0.03212,TWC,Three-way catalyst,N,,,N,No averaging
2009,Nissan,NSX,NISSAN,TITAN KING-5.6LE SWB,SJE208,23,5.6,9NSXT05.6G9B,Truck,317,8,AK56DAAD,A,Automatic,5,Y,R,"2-Wheel Drive, Rear",2,Top gear ration < 1,5500,2.94,26.2,1,Not eqipped,9NSX10005121,Yes,3,HWFE,61,Tier 2 Cert Gasoline,HWY,,,,,,25.1,MPG,,,,,34.75,0.741,0.03212,34.75,0.741,0.03212,TWC,Three-way catalyst,N,,,N,No averaging
2009,Nissan,NSX,NISSAN,TITAN KING-5.6LE SWB,SJE208,24,5.6,9NSXT05.6G9B,Truck,317,8,AK56DAAD,A,Automatic,5,Y,R,"2-Wheel Drive, Rear",2,Top gear ration < 1,5500,2.94,26.2,1,Not eqipped,9NSX10005139,Yes,21,Federal fuel 2-day exhaust (w/can load),38,E85 (85% Ethanol 15% EPA Unleaded Gasoline),FTP,,,,,,11.4,MPG,,,,,34.75,0.741,0.03212,34.75,0.741,0.03212,TWC,Three-way catalyst,N,,,N,No averaging
2009,Nissan,NSX,NISSAN,TITAN KING-5.6LE SWB,SJE208,24,5.6,9NSXT05.6G9B,Truck,317,8,AK56DAAD,A,Automatic,5,Y,R,"2-Wheel Drive, Rear",2,Top gear ration < 1,5500,2.94,26.2,1,Not eqipped,9NSX10005140,Yes,3,HWFE,38,E85 (85% Ethanol 15% EPA Unleaded Gasoline),HWY,,,,,,18.6,MPG,,,,,34.75,0.741,0.03212,34.75,0.741,0.03212,TWC,Three-way catalyst,N,,,N,No averaging
2009,Nissan,NSX,NISSAN,TITAN KING-5.6LE SWB,SJE208,25,5.6,9NSXT05.6G9B,Truck,317,8,AK56DAAD,A,Automatic,5,Y,R,"2-Wheel Drive, Rear",2,Top gear ration < 1,5500,2.94,26.1,1,Not eqipped,9NSX10005141,Yes,21,Federal fuel 2-day exhaust (w/can load),61,Tier 2 Cert Gasoline,FTP,,,,,,15.6,MPG,,,,,35.97,0.7926,0.031,35.97,0.7926,0.031,TWC,Three-way catalyst,N,,,N,No averaging
2009,Nissan,NSX,NISSAN,TITAN KING-5.6LE SWB,SJE208,25,5.6,9NSXT05.6G9B,Truck,317,8,AK56DAAD,A,Automatic,5,Y,R,"2-Wheel Drive, Rear",2,Top gear ration < 1,5500,2.94,26.1,1,Not eqipped,9NSX10005142,Yes,3,HWFE,61,Tier 2 Cert Gasoline,HWY,,,,,,25.1,MPG,,,,,35.97,0.7926,0.031,35.97,0.7926,0.031,TWC,Three-way catalyst,N,,,N,No averaging
2009,Nissan,NSX,NISSAN,TITAN KING-5.6LE SWB,SJE208,26,5.6,9NSXT05.6G9B,Truck,317,8,AK56DAAD,A,Automatic,5,Y,R,"2-Wheel Drive, Rear",2,Top gear ration < 1,5500,2.94,26.1,1,Not eqipped,9NSX10005143,Yes,21,Federal fuel 2-day exhaust (w/can load),38,E85 (85% Ethanol 15% EPA Unleaded Gasoline),FTP,,,,,,11.4,MPG,,,,,35.97,0.7926,0.031,35.97,0.7926,0.031,TWC,Three-way catalyst,N,,,N,No averaging
2009,Nissan,NSX,NISSAN,TITAN KING-5.6LE SWB,SJE208,26,5.6,9NSXT05.6G9B,Truck,317,8,AK56DAAD,A,Automatic,5,Y,R,"2-Wheel Drive, Rear",2,Top gear ration < 1,5500,2.94,26.1,1,Not eqipped,9NSX10005144,Yes,3,HWFE,38,E85 (85% Ethanol 15% EPA Unleaded Gasoline),HWY,,,,,,18.5,MPG,,,,,35.97,0.7926,0.031,35.97,0.7926,0.031,TWC,Three-way catalyst,N,,,N,No averaging
2009,Nissan,NSX,NISSAN,TITAN KING-5.6LE SWB,SJE208,27,5.6,9NSXT05.6G9B,Truck,317,8,AK56DAAE,A,Automatic,5,Y,R,"2-Wheel Drive, Rear",2,Top gear ration < 1,5500,2.94,26.2,1,Not eqipped,9NSX10005145,Yes,21,Federal fuel 2-day exhaust (w/can load),61,Tier 2 Cert Gasoline,FTP,,,,,,15.6,MPG,,,,,34.75,0.741,0.03212,34.75,0.741,0.03212,TWC,Three-way catalyst,N,,,N,No averaging
2009,Nissan,NSX,NISSAN,TITAN KING-5.6LE SWB,SJE208,27,5.6,9NSXT05.6G9B,Truck,317,8,AK56DAAE,A,Automatic,5,Y,R,"2-Wheel Drive, Rear",2,Top gear ration < 1,5500,2.94,26.2,1,Not eqipped,9NSX10005146,Yes,3,HWFE,61,Tier 2 Cert Gasoline,HWY,,,,,,25.1,MPG,,,,,34.75,0.741,0.03212,34.75,0.741,0.03212,TWC,Three-way catalyst,N,,,N,No averaging
2009,Nissan,NSX,NISSAN,TITAN KING-5.6LE SWB,SJE208,28,5.6,9NSXT05.6G9B,Truck,317,8,AK56DAAE,A,Automatic,5,Y,R,"2-Wheel Drive, Rear",2,Top gear ration < 1,5500,2.94,26.2,1,Not eqipped,9NSX10005147,Yes,21,Federal fuel 2-day exhaust (w/can load),38,E85 (85% Ethanol 15% EPA Unleaded Gasoline),FTP,,,,,,11.4,MPG,,,,,34.75,0.741,0.03212,34.75,0.741,0.03212,TWC,Three-way catalyst,N,,,N,No averaging
2009,Nissan,NSX,NISSAN,TITAN KING-5.6LE SWB,SJE208,28,5.6,9NSXT05.6G9B,Truck,317,8,AK56DAAE,A,Automatic,5,Y,R,"2-Wheel Drive, Rear",2,Top gear ration < 1,5500,2.94,26.2,1,Not eqipped,9NSX10005148,Yes,3,HWFE,38,E85 (85% Ethanol 15% EPA Unleaded Gasoline),HWY,,,,,,18.6,MPG,,,,,34.75,0.741,0.03212,34.75,0.741,0.03212,TWC,Three-way catalyst,N,,,N,No averaging
2009,Nissan,NSX,NISSAN,TITAN KING-5.6LE SWB,SJE208,29,5.6,9NSXT05.6G9B,Truck,317,8,AK56DAAE,A,Automatic,5,Y,R,"2-Wheel Drive, Rear",2,Top gear ration < 1,5500,2.94,26.1,1,Not eqipped,9NSX10005149,Yes,21,Federal fuel 2-day exhaust (w/can load),61,Tier 2 Cert Gasoline,FTP,,,,,,15.6,MPG,,,,,35.97,0.7926,0.031,35.97,0.7926,0.031,TWC,Three-way catalyst,N,,,N,No averaging
2009,Nissan,NSX,NISSAN,TITAN KING-5.6LE SWB,SJE208,29,5.6,9NSXT05.6G9B,Truck,317,8,AK56DAAE,A,Automatic,5,Y,R,"2-Wheel Drive, Rear",2,Top gear ration < 1,5500,2.94,26.1,1,Not eqipped,9NSX10005150,Yes,3,HWFE,61,Tier 2 Cert Gasoline,HWY,,,,,,25.1,MPG,,,,,35.97,0.7926,0.031,35.97,0.7926,0.031,TWC,Three-way catalyst,N,,,N,No averaging
2009,Nissan,NSX,NISSAN,TITAN KING-5.6LE SWB,SJE208,30,5.6,9NSXT05.6G9B,Truck,317,8,AK56DAAE,A,Automatic,5,Y,R,"2-Wheel Drive, Rear",2,Top gear ration < 1,5500,2.94,26.1,1,Not eqipped,9NSX10005151,Yes,21,Federal fuel 2-day exhaust (w/can load),38,E85 (85% Ethanol 15% EPA Unleaded Gasoline),FTP,,,,,,11.4,MPG,,,,,35.97,0.7926,0.031,35.97,0.7926,0.031,TWC,Three-way catalyst,N,,,N,No averaging
2009,Nissan,NSX,NISSAN,TITAN KING-5.6LE SWB,SJE208,30,5.6,9NSXT05.6G9B,Truck,317,8,AK56DAAE,A,Automatic,5,Y,R,"2-Wheel Drive, Rear",2,Top gear ration < 1,5500,2.94,26.1,1,Not eqipped,9NSX10005152,Yes,3,HWFE,38,E85 (85% Ethanol 15% EPA Unleaded Gasoline),HWY,,,,,,18.5,MPG,,,,,35.97,0.7926,0.031,35.97,0.7926,0.031,TWC,Three-way catalyst,N,,,N,No averaging
2009,Nissan,NSX,NISSAN,TITAN KING-5.6LE-SWB,SJE208,21,5.6,9NSXT05.6G9B,Truck,317,8,AK56DAAD,A,Automatic,5,Y,R,"2-Wheel Drive, Rear",2,Top gear ration < 1,5500,2.94,26.2,1,Not eqipped,9NSX10005024,No,21,Federal fuel 2-day exhaust (w/can load),61,Tier 2 Cert Gasoline,FTP,0.0422,0.6345,559,0.0085,,15.9,MPG,,,,,34.46,0.7373,0.03385,18.9,-0.1432,0.04021,TWC,Three-way catalyst,N,,,N,No averaging
2009,Nissan,NSX,NISSAN,TITAN KING-5.6LE-SWB,SJE208,21,5.6,9NSXT05.6G9B,Truck,317,8,AK56DAAD,A,Automatic,5,Y,R,"2-Wheel Drive, Rear",2,Top gear ration < 1,5500,2.94,26.2,1,Not eqipped,9NSX10005025,No,3,HWFE,61,Tier 2 Cert Gasoline,HWY,0.0027,0.0553,356,0.006,,25,MPG,,,,,34.46,0.7373,0.03385,18.9,-0.1432,0.04021,TWC,Three-way catalyst,N,,,N,No averaging
2009,Porsche,PRX,Porsche,Cayman,ECFE87A-9,0,2.9,9PRXV02.9BMI,Car,265,6,2.9L-V6,A,Automatic,7,Y,R,"2-Wheel Drive, Rear",2,Top gear ration < 1,3500,3.25,43.1,1,Not eqipped,9PRX10001633,No,21,Federal fuel 2-day exhaust (w/can load),61,Tier 2 Cert Gasoline,FTP,0.02584,0.1989,347.3957,0.04203,,25.5,MPG,,,,,34.204,0.06573,0.018117,18.614,-0.25289,0.02032,TWC,Three-way catalyst,N,,,N,No averaging
2009,Porsche,PRX,Porsche,Cayman,ECFE87A-9,0,2.9,9PRXV02.9BMI,Car,265,6,2.9L-V6,A,Automatic,7,Y,R,"2-Wheel Drive, Rear",2,Top gear ration < 1,3500,3.25,43.1,1,Not eqipped,9PRX10001634,No,3,HWFE,61,Tier 2 Cert Gasoline,HWY,0.00069,0.00732,214.17055,0.006,,41.4,MPG,,,,,34.204,0.06573,0.018117,18.614,-0.25289,0.02032,TWC,Three-way catalyst,N,,,N,No averaging
2009,Porsche,PRX,Porsche,Cayman,FE87M-9,0,2.9,9PRXV02.9BMI,Car,265,6,2.9L-V6,M,Manual,6,N,R,"2-Wheel Drive, Rear",2,Top gear ration < 1,3375,3.88,42.8,1,Not eqipped,9PRX10001659,No,21,Federal fuel 2-day exhaust (w/can load),61,Tier 2 Cert Gasoline,FTP,0.04171,0.3949,377.22304,0.04019,,23.4,MPG,,,,,34.535,0.09205,0.017261,22.728,-0.26157,0.019737,TWC,Three-way catalyst,N,,,N,No averaging
2009,Porsche,PRX,Porsche,Cayman,FE87M-9,0,2.9,9PRXV02.9BMI,Car,265,6,2.9L-V6,M,Manual,6,N,R,"2-Wheel Drive, Rear",2,Top gear ration < 1,3375,3.88,42.8,1,Not eqipped,9PRX10001660,No,3,HWFE,61,Tier 2 Cert Gasoline,HWY,0.00114,0.0127,237.2452,0.011,,37.3,MPG,,,,,34.535,0.09205,0.017261,22.728,-0.26157,0.019737,TWC,Three-way catalyst,N,,,N,No averaging
2009,Porsche,PRX,Porsche,Cayman S,FE87SA-9,0,3.4,9PRXV03.4BDI,Car,320,6,3.4L-V8,A,Automatic,7,Y,R,"2-Wheel Drive, Rear",2,Top gear ration < 1,3500,3.25,41.9,1,Not eqipped,9PRX10001655,No,21,Federal fuel 2-day exhaust (w/can load),61,Tier 2 Cert Gasoline,FTP,0.03797,0.1438,358.5128,0.0134,,24.6,MPG,,,,,34.204,0.06573,0.018117,19.648,-0.30499,0.02096,TWC,Three-way catalyst,N,,,N,No averaging
2009,Porsche,PRX,Porsche,Cayman S,FE87SA-9,0,3.4,9PRXV03.4BDI,Car,320,6,3.4L-V8,A,Automatic,7,Y,R,"2-Wheel Drive, Rear",2,Top gear ration < 1,3500,3.25,41.9,1,Not eqipped,9PRX10001656,No,3,HWFE,61,Tier 2 Cert Gasoline,HWY,0.00107,0.0108,216.02284,0.0021,,41,MPG,,,,,34.204,0.06573,0.018117,19.648,-0.30499,0.02096,TWC,Three-way catalyst,N,,,N,No averaging
2009,Porsche,PRX,Porsche,Cayman S,FE87SM-9,0,3.4,9PRXV03.4BDI,Car,320,6,3.4L-V8,M,Manual,6,N,R,"2-Wheel Drive, Rear",2,Top gear ration < 1,3500,3.89,41.6,1,Not eqipped,9PRX10001657,No,21,Federal fuel 2-day exhaust (w/can load),61,Tier 2 Cert Gasoline,FTP,0.03684,0.1438,373.9125,0.0135,,23.6,MPG,,,,,34.535,0.09205,0.017261,16.141,-0.27387,0.020203,TWC,Three-way catalyst,N,,,N,No averaging
2009,Porsche,PRX,Porsche,Cayman S,FE87SM-9,0,3.4,9PRXV03.4BDI,Car,320,6,3.4L-V8,M,Manual,6,N,R,"2-Wheel Drive, Rear",2,Top gear ration < 1,3500,3.89,41.6,1,Not eqipped,9PRX10001658,No,3,HWFE,61,Tier 2 Cert Gasoline,HWY,0.00035,0.0095,241.1267,0.0044,,36.7,MPG,,,,,34.535,0.09205,0.017261,16.141,-0.27387,0.020203,TWC,Three-way catalyst,N,,,N,No averaging
2009,Toyota,TYX,TOYOTA,HIGHLANDER 2WD,09-AU2A,0,2.672,9TYXT02.7BEM,Truck,187,4,1,A,Automatic,6,Y,F,"2-Wheel Drive, Front",2,Top gear ration < 1,4250,4.36,31.8,1,Not eqipped,9TYX09010876,No,3,HWFE,23,CARB Phase II Gasoline,HWY,0.0007339,0.0239078,230.5721268,0.0056867,,37.8,MPG,,,,,33.387,-0.03273,0.030373,7.713,-0.04934,0.029256,TWC,Three-way catalyst,N,,,N,No averaging
2009,Toyota,TYX,TOYOTA,HIGHLANDER 2WD,09-AU2A,0,2.672,9TYXT02.7BEM,Truck,187,4,1,A,Automatic,6,Y,F,"2-Wheel Drive, Front",2,Top gear ration < 1,4250,4.36,31.8,1,Not eqipped,9TYX09010878,No,25,California fuel 2-day exhaust (w/can load),23,CARB Phase II Gasoline,FTP,0.0196062,0.1236281,354.1627004,0.0285542,,24.6,MPG,22.6,24,26.6,,33.387,-0.03273,0.030373,7.713,-0.04934,0.029256,TWC,Three-way catalyst,N,,,N,No averaging
2009,Toyota,TYX,TOYOTA,VENZA,09-AV1A,1,2.672,9TYXT02.7BEN,Truck,182,4,2,A,Automatic,6,Y,F,"2-Wheel Drive, Front",2,Top gear ration < 1,4250,4.36,31,1,Not eqipped,9TYX10000107,No,21,Federal fuel 2-day exhaust (w/can load),61,Tier 2 Cert Gasoline,FTP,0.0151693,0.135486,334.773498,0.0190046,,26.4,MPG,24.9868877,25.6391195,29.3796634,,31.901,0.03223,0.026142,7.364,0.02818,0.024594,TWC,Three-way catalyst,N,,,N,No averaging
2009,Toyota,TYX,TOYOTA,VENZA,09-AV1A,1,2.672,9TYXT02.7BEN,Truck,182,4,2,A,Automatic,6,Y,F,"2-Wheel Drive, Front",2,Top gear ration < 1,4250,4.36,31,1,Not eqipped,9TYX10000108,No,3,HWFE,61,Tier 2 Cert Gasoline,HWY,0.0025708,0.03131,217.8229466,0.0202108,,40.6,MPG,,,,,31.901,0.03223,0.026142,7.364,0.02818,0.024594,TWC,Three-way catalyst,N,,,N,No averaging
2009,Toyota,TYX,TOYOTA,VENZA AWD,09-AV1A,0,2.672,9TYXT02.7BEN,Truck,182,4,1,A,Automatic,6,Y,A,All Wheel Drive,2,Top gear ration < 1,4250,4.36,31,1,Not eqipped,9TYX10000105,No,35,California fuel 3-day exhaust,23,CARB Phase II Gasoline,FTP,0.0135494,0.123049,342.3781331,0.0199179,,25.6,MPG,23.9,24.9,28.4,,37.341,0.0331,0.026596,13.014,-0.00886,0.025432,TWC,Three-way catalyst,N,,,N,No averaging
2009,Toyota,TYX,TOYOTA,VENZA AWD,09-AV1A,0,2.672,9TYXT02.7BEN,Truck,182,4,1,A,Automatic,6,Y,A,All Wheel Drive,2,Top gear ration < 1,4250,4.36,31,1,Not eqipped,9TYX10000106,No,3,HWFE,23,CARB Phase II Gasoline,HWY,0.0018037,0.0215813,226.3835235,0.0113349,,38.7,MPG,,,,,37.341,0.0331,0.026596,13.014,-0.00886,0.025432,TWC,Three-way catalyst,N,,,N,No averaging
2009,Volvo,VVX,Volvo,S40 2.4i FWD,200806,2,2.435,AVVXV02.4U2N,Car,168,5,A38:2,SA,Semi-Automatic,5,Y,F,"2-Wheel Drive, Front",2,Top gear ration < 1,3625,2.44,34.6,1,Not eqipped,9VVX01084523,No,35,California fuel 3-day exhaust,23,CARB Phase II Gasoline,FTP,0.0178,0.21,354.36,0.015,,24.8,MPG,23.1039,23.9751,27.8708,,32.85,0.2939,0.01728,13.92,0.1811,0.0173,TWC,Three-way catalyst,N,,,N,No averaging
2009,Volvo,VVX,Volvo,S40 2.4i FWD,200806,2,2.435,AVVXV02.4U2N,Car,168,5,A38:2,SA,Semi-Automatic,5,Y,F,"2-Wheel Drive, Front",2,Top gear ration < 1,3625,2.44,34.6,1,Not eqipped,9VVX01084524,No,3,HWFE,23,CARB Phase II Gasoline,HWY,0.0045,0.02,223.64,0.003,,39.2,MPG,,,,,32.85,0.2939,0.01728,13.92,0.1811,0.0173,TWC,Three-way catalyst,N,,,N,No averaging
2009,Volvo,VVX,Volvo,S40 2.4i FWD,200806,2,2.435,AVVXV02.4U2N,Car,168,5,A38:2,SA,Semi-Automatic,5,Y,F,"2-Wheel Drive, Front",2,Top gear ration < 1,3625,2.44,34.6,1,Not eqipped,9VVX10000100,No,90,US06,23,CARB Phase II Gasoline,US06,0.0167,0.06,303.19,0.014,,,MPG,,,,,32.85,0.2939,0.01728,13.92,0.1811,0.0173,TWC,Three-way catalyst,N,,,N,No averaging
2009,Volvo,VVX,Volvo,S40 2.4i FWD,200806,2,2.435,AVVXV02.4U2N,Car,168,5,A38:2,SA,Semi-Automatic,5,Y,F,"2-Wheel Drive, Front",2,Top gear ration < 1,3625,2.44,34.6,1,Not eqipped,9VVX10000101,No,95,SC03,23,CARB Phase II Gasoline,SC03,0.0215,0.13,385.81,0.014,,,MPG,,,,,32.85,0.2939,0.01728,13.92,0.1811,0.0173,TWC,Three-way catalyst,N,,,N,No averaging
2009,Volvo,VVX,Volvo,S40 2.4i FWD,200806,2,2.435,AVVXV02.4U2N,Car,168,5,A38:2,SA,Semi-Automatic,5,Y,F,"2-Wheel Drive, Front",2,Top gear ration < 1,3625,2.44,34.6,1,Not eqipped,9VVX10000102,No,11,Cold CO,24,Cold CO Regular (CERT),FTP,0.2785,0.63,413.18,0.057,,,MPG,17.6,20.97,25.03,,32.85,0.2939,0.01728,13.92,0.1811,0.0173,TWC,Three-way catalyst,N,,,N,No averaging
